Date,Daily_Sales,Daily_Profit,Daily_Quantity,Daily_Orders
2011-01-01,808.563,198.873,19,4
2011-01-02,314.22,3.12,1,1
2011-01-03,4503.5372,184.5972,48,11
2011-01-04,2808.87024,635.1234400000001,52,10
2011-01-05,3662.31,1053.3699,24,4
2011-01-06,622.5381,86.12610000000001,23,6
2011-01-07,7123.0185,1541.1409,68,11
2011-01-08,6293.26,-630.6501000000001,46,6
2011-01-09,813.7494,-117.6306,30,3
2011-01-10,6794.18116,1443.9951600000002,67,11
2011-01-11,6451.2517,-358.3346,76,11
2011-01-12,2629.71652,438.46792,39,6
2011-01-13,2584.595,526.675,34,6
2011-01-14,6280.4475,880.3011,127,10
2011-01-15,2279.5306,-134.525,37,6
2011-01-16,149.95,65.978,5,1
2011-01-17,2309.52924,379.69174,57,6
2011-01-18,932.763,164.283,17,5
2011-01-19,2054.691,352.90340000000003,40,7
2011-01-20,2289.241,114.9294,47,9
2011-01-21,8485.3576,1307.7871,101,9
2011-01-22,3564.1245,581.7893,46,9
2011-01-23,2163.43,635.25,17,2
2011-01-24,3984.3813,620.9997,76,12
2011-01-25,1191.622,8.55200000000001,48,8
2011-01-26,5422.6764,-1602.1836,105,13
2011-01-27,2165.3999,354.75690000000003,91,10
2011-01-28,1208.122,-0.0253000000000126,21,4
2011-01-29,909.94,-1041.6323000000002,6,4
2011-01-30,454.887,-561.273,20,3
2011-01-31,7642.585,1189.3452,75,8
2011-02-01,2455.67,603.4736000000001,54,10
2011-02-02,7712.6763,356.7122999999999,86,11
2011-02-03,366.644,-67.3195,23,6
2011-02-04,1866.782,239.3714,35,6
2011-02-05,221.396,-28.674800000000005,13,3
2011-02-06,2.688,-2.352,1,1
2011-02-07,1799.1848,201.1261,42,8
2011-02-08,1007.82,323.7188,38,8
2011-02-09,4575.80736,238.44016,79,10
2011-02-10,11865.386,3824.696,102,12
2011-02-11,1007.42736,-398.08264,27,4
2011-02-12,2870.8,661.3884999999999,33,4
2011-02-13,129.568,-24.294,2,1
2011-02-14,4603.894,1323.854,67,9
2011-02-15,10346.901,-24.40860000000005,80,8
2011-02-16,9333.6093,2912.5983,71,7
2011-02-17,630.9812000000001,78.45320000000001,27,6
2011-02-18,2301.1240000000003,93.3248,58,9
2011-02-19,156.134,22.783200000000004,10,3
2011-02-21,4485.643,-379.7558,69,11
2011-02-22,2646.144,194.5964999999999,55,10
2011-02-23,4353.976,744.8472,34,6
2011-02-24,5868.44554,658.5290400000001,61,10
2011-02-25,3393.51712,1094.03442,48,6
2011-02-26,4106.661,393.801,62,8
2011-02-27,624.96,93.6,8,1
2011-02-28,2418.317,-716.5542,39,5
2011-03-01,12565.7663,1905.1539,177,20
2011-03-02,4148.3728,569.35,45,7
2011-03-03,9479.9366,-240.92430000000004,109,19
2011-03-04,1243.073,-57.7912,25,6
2011-03-05,834.166,252.6941,20,3
2011-03-06,135.08,30.68,7,1
2011-03-07,3863.362,293.99389999999994,57,8
2011-03-08,9871.4036,1744.5935999999997,99,12
2011-03-09,722.766,187.086,27,3
2011-03-10,4109.668,713.9105999999999,41,10
2011-03-11,2933.80812,728.04512,92,15
2011-03-12,4636.7480000000005,1838.528,35,5
2011-03-14,6627.33,1974.0224,75,13
2011-03-15,1824.624,377.38,61,5
2011-03-16,1160.882,5.597000000000019,32,8
2011-03-17,4614.013,-602.3422,99,9
2011-03-18,30117.5462,-733.0987000000001,86,12
2011-03-19,971.462,-266.52470000000005,29,2
2011-03-21,10681.92214,2120.33964,139,19
2011-03-22,3879.797,736.4395000000001,54,11
2011-03-23,5070.3631,515.3115,67,11
2011-03-24,1363.384,189.1198,38,6
2011-03-25,3267.17126,742.54366,76,14
2011-03-26,856.445,185.5208,30,6
2011-03-27,29.814,5.694,3,1
2011-03-28,4261.49644,469.11704,81,12
2011-03-29,2950.3782,17.101599999999998,38,9
2011-03-30,5760.5126,278.3135,119,15
2011-03-31,7748.076,1323.7137,75,15
2011-04-01,2582.801,-308.7874,86,9
2011-04-02,8922.054,1721.4822,81,10
2011-04-03,879.26,209.7144,24,2
2011-04-04,5723.19948,1274.44758,113,16
2011-04-05,10266.5543,1179.2607,128,12
2011-04-06,4672.516,382.7512,77,14
2011-04-07,3439.49,900.216,68,8
2011-04-08,6800.426,969.0341,58,9
2011-04-09,367.365,-215.535,17,2
2011-04-11,4548.4736,874.4365,91,10
2011-04-12,4013.325,434.7900999999999,71,9
2011-04-13,3053.3892,106.409,105,8
2011-04-14,6250.894,1675.354,93,10
2011-04-15,1727.692,384.222,55,10
2011-04-16,4039.898,536.854,57,7
2011-04-18,5905.0505,100.19589999999998,118,10
2011-04-19,2861.818,-50.7256,75,13
2011-04-20,4136.99,65.11719999999998,67,14
2011-04-21,4701.69,-448.9545,74,12
2011-04-22,7061.9661,442.2309999999999,117,12
2011-04-23,772.14,12.374700000000006,28,7
2011-04-24,165.816,-79.044,14,1
2011-04-25,5028.6025,378.7556,78,15
2011-04-26,2086.2285,-306.1345,61,10
2011-04-27,8435.277,1770.3970000000002,82,7
2011-04-28,3908.238,187.5292,87,11
2011-04-29,3070.826,554.4533999999999,63,14
2011-04-30,1493.784,151.4796,32,5
2011-05-02,9275.207,1622.6742,77,12
2011-05-03,5259.2939,1117.5943,97,13
2011-05-04,7512.6567,1178.8871,96,15
2011-05-05,2998.255,952.7111,55,10
2011-05-06,5964.67968,1568.33948,96,16
2011-05-07,1983.514,354.8578,24,4
2011-05-08,2501.493,-16.710999999999984,11,3
2011-05-09,5018.48574,-283.60066,92,14
2011-05-10,5825.5265,-10.836499999999983,128,18
2011-05-11,2821.097,-428.0437999999999,69,10
2011-05-12,5518.592,-555.6895000000001,84,14
2011-05-13,6773.806,962.0703,67,12
2011-05-14,4542.15,570.576,27,5
2011-05-15,193.9275,72.9675,3,1
2011-05-16,1568.453,-49.19699999999999,35,8
2011-05-17,3523.569,-724.861,37,6
2011-05-18,9233.3544,-341.1376,110,22
2011-05-19,3039.9052,291.0324,68,11
2011-05-20,1291.395,100.0791,57,6
2011-05-21,10643.691,1853.5717,146,12
2011-05-22,225.89,58.661,7,2
2011-05-23,6533.044,163.1862,91,10
2011-05-24,10474.0216,2079.1988,84,10
2011-05-25,3042.062,-680.2618,42,7
2011-05-26,5963.665,663.1955999999999,86,10
2011-05-27,5867.767,-198.74620000000004,119,10
2011-05-28,2104.2679,186.8487,25,6
2011-05-30,8638.3231,243.1659,93,16
2011-05-31,8409.74388,1433.29658,87,13
2011-06-01,11480.4927,2460.2536,154,21
2011-06-02,12516.5933,1614.3061,155,17
2011-06-03,11349.365,2330.1576,140,24
2011-06-04,1924.083,-295.5922,49,8
2011-06-05,1139.34,-306.28000000000003,19,1
2011-06-06,10266.1,1677.4523,168,24
2011-06-07,16750.66916,288.22056,200,28
2011-06-08,9526.7146,1097.4155999999998,110,21
2011-06-09,10247.062,1285.3728999999998,153,22
2011-06-10,5473.2366,218.27610000000013,88,14
2011-06-11,3161.302,787.182,48,8
2011-06-12,37.464,-1.096,4,2
2011-06-13,6576.14576,424.36736,148,17
2011-06-14,4947.3435,529.7073,91,16
2011-06-15,6110.8755,-1004.8595,106,20
2011-06-16,4009.489,-279.29540000000014,58,12
2011-06-17,14495.52216,1257.23986,141,23
2011-06-18,5516.986,1026.4785,82,11
2011-06-19,57.9,8.1,2,1
2011-06-20,8528.58376,664.20476,158,20
2011-06-21,8718.351,1869.9601,124,18
2011-06-22,19196.0446,2686.4013,195,27
2011-06-23,3133.561,59.83530000000001,60,15
2011-06-24,5390.39244,745.55164,111,14
2011-06-25,5901.02814,-528.18466,63,9
2011-06-26,1269.252,509.322,16,2
2011-06-27,6654.4935000000005,105.01869999999992,148,26
2011-06-28,7198.3968,876.4078,93,16
2011-06-29,8332.532299999999,2915.1998,112,14
2011-06-30,5298.0604,394.12360000000007,116,18
2011-07-01,3844.656,-14.394800000000007,44,6
2011-07-02,388.955,-26.5542,21,4
2011-07-04,1982.4309,-59.84230000000001,59,8
2011-07-05,3723.7455,200.0251,96,12
2011-07-06,3773.45656,720.16006,49,11
2011-07-07,4855.94512,-628.13868,52,8
2011-07-08,3385.266,-38.55,44,7
2011-07-09,2023.079,461.2258,56,10
2011-07-11,5228.10488,486.10868,99,10
2011-07-12,5227.161,778.5233999999999,122,16
2011-07-13,1940.142,413.8962,47,6
2011-07-14,3035.146,64.64059999999999,60,10
2011-07-15,933.7476,-448.1942,20,6
2011-07-16,3626.502,661.722,61,4
2011-07-17,355.0,32.46,20,2
2011-07-18,5443.5756,614.2508,65,14
2011-07-19,4766.4048,1244.815,36,8
2011-07-20,7975.5875,-100.22040000000004,126,15
2011-07-21,6100.88292,9.566919999999994,88,10
2011-07-22,3074.46,479.2808,59,6
2011-07-23,3859.0052,429.1856000000001,87,8
2011-07-24,101.48,-21.4,8,2
2011-07-25,12335.772,1204.8704,53,8
2011-07-26,7916.3664,-3491.6586,114,14
2011-07-27,9804.38074,1504.23294,113,17
2011-07-28,3210.4893,637.8257,60,10
2011-07-29,1917.4847,-154.21529999999998,59,10
2011-07-30,4205.2388,550.1383999999999,38,5
2011-07-31,475.9536,75.2436,18,3
2011-08-01,6769.1215,-1558.7915,106,18
2011-08-02,5344.5065,-88.55590000000004,115,13
2011-08-03,10667.9764,811.9675,157,22
2011-08-04,13623.4015,2474.0404,191,18
2011-08-05,5711.4464,908.0283,119,20
2011-08-06,1072.596,256.6452,32,8
2011-08-07,37.86,11.34,2,1
2011-08-08,8099.047,2351.5522,129,17
2011-08-09,13284.498,2348.7968,128,24
2011-08-10,13151.891,3693.781,77,13
2011-08-11,7410.921,1652.6654,124,21
2011-08-12,8969.5969,1430.9599,168,24
2011-08-13,2603.052,-104.23800000000004,29,4
2011-08-15,6933.398,1208.4786,127,19
2011-08-16,13436.1683,2494.7351,116,17
2011-08-17,6625.604,-511.2544,115,17
2011-08-18,9052.81576,1290.45576,123,20
2011-08-19,10154.613,2138.8089,97,13
2011-08-20,3032.602,711.5105,49,7
2011-08-21,2995.5723,553.2123,43,4
2011-08-22,5180.47692,587.6916200000001,52,13
2011-08-23,3310.35,-64.5324,97,16
2011-08-24,5164.88392,-305.4628799999999,137,20
2011-08-25,9633.2171,715.3094,214,23
2011-08-26,8122.276199999999,866.8251,98,13
2011-08-27,5397.358,352.5003000000001,66,11
2011-08-29,7613.06082,-589.95118,84,16
2011-08-30,8905.7286,1703.5136,133,21
2011-08-31,5277.4521,-1626.3639,107,13
2011-09-01,7250.914,1180.5382,91,18
2011-09-02,14364.1468,2325.018,210,27
2011-09-03,813.54,-75.234,26,5
2011-09-05,4149.8752,134.9742000000001,78,10
2011-09-06,10296.67936,1757.94016,141,15
2011-09-07,6333.653,70.85170000000005,147,17
2011-09-08,36827.74592,2439.76022,286,33
2011-09-09,11577.03568,1841.78928,144,16
2011-09-10,3268.4308,675.0536,46,8
2011-09-11,1367.97,520.7115,32,3
2011-09-12,14077.43268,815.10628,188,24
2011-09-13,6391.793,693.1687000000001,157,20
2011-09-14,17720.99818,3098.41208,236,31
2011-09-15,10736.1766,1197.6028,159,25
2011-09-16,5407.0809,1330.6309,49,12
2011-09-17,2466.335,625.3707,92,11
2011-09-18,750.24,200.4,14,1
2011-09-19,16203.33736,-407.8637400000009,120,25
2011-09-20,13651.3334,1931.9768,158,26
2011-09-21,9810.8032,541.2669000000001,158,23
2011-09-22,9066.5295,2048.0292,105,19
2011-09-23,23866.899,7562.849499999999,188,31
2011-09-24,4393.344,691.6324,43,9
2011-09-25,6371.5808,-397.1774,47,4
2011-09-26,8477.011340000001,1025.16394,196,26
2011-09-27,15354.15488,1364.62128,202,30
2011-09-28,11437.54184,2344.18844,128,24
2011-09-29,11746.71,1841.5509,147,15
2011-09-30,6035.1629,-1601.4486000000002,119,20
2011-10-01,1624.20712,448.17712,28,6
2011-10-02,598.144,133.76319999999998,18,1
2011-10-03,8662.521279999999,1980.58038,129,20
2011-10-04,8180.71572,-255.82138,133,16
2011-10-05,2596.1845000000003,360.6475,63,12
2011-10-06,17181.1931,4440.5326,134,21
2011-10-07,11291.24992,321.38591999999994,166,23
2011-10-08,3840.9008,855.3306,53,10
2011-10-09,249.36,70.0043,6,2
2011-10-10,7857.7148,668.2814,129,18
2011-10-11,2025.2895,118.1992999999999,74,13
2011-10-12,4656.312,410.35910000000007,108,13
2011-10-13,9798.95798,453.2692799999999,140,25
2011-10-14,14453.2311,1599.8563,151,20
2011-10-15,8231.75672,1128.94062,83,10
2011-10-16,1364.09648,304.10328,17,3
2011-10-17,5983.01866,571.13266,82,15
2011-10-18,8290.87736,1565.91156,110,16
2011-10-19,8883.0806,24.49429999999998,154,21
2011-10-20,7524.2985,745.8107,122,16
2011-10-21,7271.4774,910.1377,123,17
2011-10-22,4953.816,1365.3812,82,9
2011-10-24,4550.677,898.0562,50,12
2011-10-25,4802.985,-214.3079,105,16
2011-10-26,8069.4229,606.8349,81,12
2011-10-27,17289.6859,4947.4385,147,18
2011-10-28,5778.5817,382.9579,73,9
2011-10-29,5022.808,537.7946000000001,29,6
2011-10-30,133.26,37.56,4,2
2011-10-31,7905.44,546.6065,133,19
2011-11-01,18667.51056,2082.71466,282,30
2011-11-02,8691.009,1217.1044,150,30
2011-11-03,19275.0876,385.03330000000005,217,32
2011-11-04,18652.758,2720.712,218,28
2011-11-05,10385.6998,2183.9242,83,13
2011-11-06,1555.6215,448.5879000000001,14,2
2011-11-07,13232.5699,2237.6442,205,29
2011-11-08,4292.2318,819.754,102,18
2011-11-09,12155.4545,857.4291,122,16
2011-11-10,10174.022,2473.9091,140,17
2011-11-11,24402.39878,2966.76968,218,23
2011-11-12,4232.5592,275.10200000000003,82,10
2011-11-13,345.76,35.94,12,3
2011-11-14,12537.5958,2331.3426,131,18
2011-11-15,10494.6696,-554.2542999999998,129,20
2011-11-16,8008.8932,1184.1229,113,20
2011-11-17,14062.8082,2208.6788,107,17
2011-11-18,13514.9344,5.35669999999998,200,22
2011-11-19,9876.244,1744.7262,86,12
2011-11-20,975.0,263.392,22,3
2011-11-21,5411.8640000000005,538.9519,108,16
2011-11-22,9528.56168,1632.96578,159,26
2011-11-23,8510.63296,898.5245600000001,164,24
2011-11-24,10785.4121,199.28870000000003,135,19
2011-11-25,18118.76232,1876.29452,217,27
2011-11-26,6403.18,646.8187999999998,94,13
2011-11-27,302.75,24.015999999999995,14,4
2011-11-28,9289.64072,-500.32608,214,28
2011-11-29,8444.3224,1780.3056,167,24
2011-11-30,6168.5835,-275.6515,134,19
2011-12-01,14118.3252,2616.42,167,23
2011-12-02,7294.181,1675.0079,144,18
2011-12-03,9013.2148,2194.9452,111,15
2011-12-04,615.1999999999999,71.4204,4,2
2011-12-05,10388.71264,1203.13144,175,22
2011-12-06,12460.3335,2306.4365,149,26
2011-12-07,10246.562,1332.7652,103,20
2011-12-08,13338.5575,314.1848,246,28
2011-12-09,14316.2024,1549.5017,185,24
2011-12-10,5847.5503,632.4969,111,14
2011-12-11,796.63504,271.25504,9,2
2011-12-12,10224.35358,815.6682799999999,145,26
2011-12-13,14356.21064,-781.9199600000001,196,32
2011-12-14,14350.1541,2889.5676,115,23
2011-12-15,15078.048,1784.65,205,29
2011-12-16,14190.5144,1569.6297999999997,150,23
2011-12-17,13732.1394,2125.6178,105,13
2011-12-19,10801.10436,1066.70126,183,20
2011-12-20,21881.9314,4365.5516,239,29
2011-12-21,13003.04024,238.60504,169,23
2011-12-22,12810.8913,1104.9444000000003,173,23
2011-12-23,10609.91348,536.5948799999999,198,19
2011-12-24,9788.526,2136.492,111,17
2011-12-25,539.2235000000001,25.11349999999999,26,4
2011-12-26,14832.9215,2710.1701,192,32
2011-12-27,15140.1727,1130.1496000000002,227,23
2011-12-28,18801.06272,313.83412,229,26
2011-12-29,10904.2029,1813.2064,188,30
2011-12-30,6705.187,858.5964,134,21
2011-12-31,7740.663,1777.2461,104,13
2012-01-02,10006.6647,-203.72970000000012,120,14
2012-01-03,3453.3043,-289.1051,68,13
2012-01-04,2617.8439,648.6963,73,10
2012-01-05,5662.225,1023.8016,109,14
2012-01-06,544.514,129.42940000000002,35,9
2012-01-07,3699.814,42.93400000000005,32,6
2012-01-08,2176.452,64.0019999999999,13,3
2012-01-09,3598.28,105.45970000000004,65,10
2012-01-10,6298.249,-793.5298,67,7
2012-01-11,8259.467999999999,-181.212,59,11
2012-01-12,8385.098,1300.6788,135,11
2012-01-13,7106.17,1512.6506,100,14
2012-01-14,2041.023,394.953,25,5
2012-01-16,8370.402,1537.272,72,10
2012-01-17,6562.9130000000005,607.5796,83,13
2012-01-18,4541.032,281.272,113,13
2012-01-19,3370.9544,-26.809800000000006,65,10
2012-01-20,3578.8797,290.3397,48,7
2012-01-21,1382.57,365.03,23,3
2012-01-22,1493.13,438.18,10,2
2012-01-23,9669.3469,642.8975,100,15
2012-01-24,3226.72,427.982,59,7
2012-01-25,3514.215,1024.765,67,10
2012-01-26,3413.5885,839.9397,44,7
2012-01-27,9422.532,797.6168,96,12
2012-01-28,7629.48984,-1215.13656,54,6
2012-01-29,876.66,238.98,10,1
2012-01-30,3633.518,310.5813,69,12
2012-01-31,1245.663,86.11960000000002,31,5
2012-02-01,1655.2549,-94.9251,29,7
2012-02-02,11630.772,2826.242,91,13
2012-02-03,957.816,265.4618,46,10
2012-02-04,4976.20924,535.89924,35,7
2012-02-05,396.84,64.95,5,1
2012-02-06,8730.321,982.6142,101,14
2012-02-07,4020.95,717.0708999999999,49,8
2012-02-08,2318.80634,388.63094,43,6
2012-02-09,4527.562,382.5964,83,13
2012-02-10,3683.7683,517.5622999999999,80,12
2012-02-11,203.928,23.988,6,3
2012-02-12,156.54,69.96,8,1
2012-02-13,4968.7556,2.5955999999999926,80,10
2012-02-14,4814.3652,1204.6221,83,11
2012-02-15,5439.31,132.6856,119,17
2012-02-16,1259.6346,91.3491,47,7
2012-02-17,1518.394,-67.386,55,7
2012-02-18,5537.5228,1546.933,72,10
2012-02-19,175.8,79.08,4,1
2012-02-20,2677.594,475.4184,70,12
2012-02-21,4677.513,1871.5594,51,10
2012-02-22,2871.958,-790.6084,72,9
2012-02-23,4379.1315,1587.9891,53,7
2012-02-24,3960.5175,660.2175,24,6
2012-02-25,3307.15,785.6460000000001,39,6
2012-02-27,7574.48,456.0893,54,9
2012-02-28,3048.877,187.5694,48,8
2012-02-29,1040.446,96.2854,26,5
2012-03-01,3912.28452,208.6589199999998,60,9
2012-03-02,10722.62,1034.5729,129,12
2012-03-03,625.0500000000001,101.1,15,3
2012-03-05,8252.424,486.62200000000007,114,20
2012-03-06,5920.861,113.6388,67,13
2012-03-07,8466.048999999999,1941.5743,88,14
2012-03-08,4857.2925,889.3370000000001,67,10
2012-03-09,3455.53676,-194.14934,53,13
2012-03-10,1169.653,-648.1598,47,7
2012-03-11,381.84,80.16,4,1
2012-03-12,4087.2451,-84.72289999999997,54,8
2012-03-13,4668.912499999999,659.6809,77,13
2012-03-14,5567.204900000001,-194.60290000000003,93,14
2012-03-15,7147.5432,-941.7552,110,9
2012-03-16,13257.4236,3994.6345,108,17
2012-03-17,538.503,140.088,25,4
2012-03-19,11459.7256,2562.9618,164,23
2012-03-20,17842.2938,3594.8052,183,20
2012-03-21,4297.802,844.7979,74,9
2012-03-22,5868.942,37.57610000000007,114,16
2012-03-23,3936.5048,-1174.7744,87,15
2012-03-24,1816.809,75.3296,38,9
2012-03-26,8993.664999999999,1776.803,109,13
2012-03-27,7167.215,793.213,127,19
2012-03-28,4451.0828,-83.99880000000007,43,11
2012-03-29,7350.868,1230.9578,84,17
2012-03-30,3309.65608,516.45688,45,10
2012-03-31,3551.764,232.1123,58,9
2012-04-01,510.8958,29.635800000000003,12,1
2012-04-02,4606.772,789.0675,64,14
2012-04-03,2207.699,-297.651,47,13
2012-04-04,2904.12448,655.32298,53,10
2012-04-05,9765.98048,-1329.07162,122,12
2012-04-06,7148.48124,19.076840000000068,116,14
2012-04-07,6394.754,8.088899999999892,66,10
2012-04-09,3254.542,213.7226999999999,88,12
2012-04-10,3481.707,186.5913,76,15
2012-04-11,5853.7588,962.5098,81,7
2012-04-12,3760.98448,818.02188,41,9
2012-04-13,10056.3505,757.7642999999999,118,19
2012-04-14,9265.29444,1782.78704,57,9
2012-04-15,493.056,52.556,19,2
2012-04-16,14554.1235,1821.9233,165,20
2012-04-17,5026.78624,355.50914,86,13
2012-04-18,8079.10186,1055.73216,119,14
2012-04-19,7687.61226,158.92186,62,11
2012-04-20,6559.79606,717.14076,71,14
2012-04-21,1608.866,483.5688,38,6
2012-04-22,6675.234,1205.2823,63,4
2012-04-23,2668.28288,470.71288,51,8
2012-04-24,3334.9658,120.22289999999995,104,13
2012-04-25,9519.889,1309.2542,106,14
2012-04-26,5788.4155,673.3304,78,11
2012-04-27,6079.78824,1652.29874,99,19
2012-04-28,7614.46296,1873.62806,103,13
2012-04-29,427.688,110.4784,25,3
2012-04-30,5722.857,710.5409,120,13
2012-05-01,3648.9454,472.7588,75,18
2012-05-02,2318.871,224.2258,35,9
2012-05-03,5683.18706,894.7613599999999,100,16
2012-05-04,10824.71712,1215.54732,96,18
2012-05-05,1394.5904,36.0704000000001,13,4
2012-05-06,1149.10868,-23.571319999999996,21,3
2012-05-07,11200.05968,3077.38668,130,18
2012-05-08,10824.805,2165.2801,120,17
2012-05-09,6777.641,1109.6379,144,21
2012-05-10,8658.9026,2414.262,108,13
2012-05-11,10523.35952,2210.62872,128,13
2012-05-12,3610.662,686.3359,83,10
2012-05-13,312.45399999999995,28.1288,9,2
2012-05-14,6948.14426,1313.88656,156,15
2012-05-15,10569.8106,1734.2696,135,22
2012-05-16,8159.34952,1055.07752,112,13
2012-05-17,8386.745,1132.0118,108,8
2012-05-18,5269.476,1238.5674,62,14
2012-05-19,855.705,-429.615,30,5
2012-05-20,169.54399999999998,15.4792,8,1
2012-05-21,6140.5833,1415.0689,114,17
2012-05-22,9831.9655,-113.1536,118,16
2012-05-23,8572.9015,-436.99730000000005,153,25
2012-05-24,9347.2105,630.0015999999999,153,24
2012-05-25,12591.215,2119.8813,133,17
2012-05-26,2945.4518,-148.7622,75,11
2012-05-27,11.448,-4.752,2,1
2012-05-28,9209.7715,2254.2049,104,14
2012-05-29,9657.818,3072.6611,108,13
2012-05-30,5710.8698,-292.72500000000014,70,13
2012-05-31,17059.5785,810.1465000000002,218,22
2012-06-01,9042.4255,-101.55389999999996,164,24
2012-06-02,6164.8454,830.8454,93,13
2012-06-03,178.146,56.736,7,1
2012-06-04,7132.72206,442.84046,127,21
2012-06-05,11513.6761,3346.9721,133,22
2012-06-06,8813.03,1729.4399999999998,155,26
2012-06-07,7109.7135,1160.2935,122,24
2012-06-08,9397.2354,49.27399999999992,168,22
2012-06-09,3934.5448,-15.544799999999952,94,13
2012-06-10,3240.8355,269.5555,22,3
2012-06-11,13400.62562,987.90122,224,29
2012-06-12,11955.748,2991.6178,161,25
2012-06-13,9580.44396,2409.95006,158,24
2012-06-14,6869.472,1498.7472,108,9
2012-06-15,6557.09416,725.06586,117,23
2012-06-16,13218.0525,3198.0811,101,17
2012-06-17,1087.416,-159.604,20,2
2012-06-18,14119.3497,1677.2015,200,23
2012-06-19,15135.0835,2061.9747,216,28
2012-06-20,13716.881,1226.1359999999995,156,31
2012-06-21,11013.1022,1171.0978,126,22
2012-06-22,11806.3416,2175.0973000000004,115,21
2012-06-23,5459.08,445.7612,75,18
2012-06-24,331.57,23.34,11,2
2012-06-25,15915.4079,1653.2342,234,34
2012-06-26,9251.33102,-30.92227999999999,125,22
2012-06-27,9843.5155,2459.4555,125,21
2012-06-28,4771.254,438.7952,78,16
2012-06-29,12080.7765,1366.276,188,30
2012-06-30,3535.9790000000003,319.089,48,8
2012-07-01,2542.08,639.7199999999999,21,1
2012-07-02,4707.2877,590.9311999999999,107,14
2012-07-03,6684.9445,599.6392000000001,107,13
2012-07-04,9367.307,-549.4766,85,15
2012-07-05,3103.06054,-227.06036,88,14
2012-07-06,8492.15192,2099.54292,98,16
2012-07-07,4382.91,782.11,61,8
2012-07-08,33.984,10.104,8,2
2012-07-09,5109.27364,1268.92324,100,11
2012-07-10,2585.2245,79.13850000000001,51,11
2012-07-11,9034.24296,1708.25066,170,16
2012-07-12,5471.2080000000005,715.7325,90,12
2012-07-13,8228.9015,911.9207,103,16
2012-07-14,3906.4185,175.81250000000003,62,12
2012-07-15,26.892,11.052,2,1
2012-07-16,7015.9315,323.201,91,15
2012-07-17,4968.6812,975.333,81,13
2012-07-18,6272.59914,905.11424,83,15
2012-07-19,1634.973,154.72800000000004,35,8
2012-07-20,7687.442,553.6322000000001,105,11
2012-07-21,1752.60416,-865.02584,54,9
2012-07-23,8516.752,2182.491,58,9
2012-07-24,5628.17846,633.67786,125,12
2012-07-25,6362.431,252.4681,134,16
2012-07-26,4225.54664,-87.55865999999999,70,11
2012-07-27,4140.50776,893.89746,60,6
2012-07-28,1348.761,240.221,37,8
2012-07-29,42.82,7.0,4,1
2012-07-30,5247.402,98.4066,115,16
2012-07-31,6716.2685,501.46199999999993,116,13
2012-08-01,12391.7964,2720.7896,124,14
2012-08-02,17671.6471,1893.2786,173,18
2012-08-03,20849.17662,3091.51662,273,21
2012-08-04,1388.094,186.864,30,5
2012-08-05,2078.969,643.239,31,2
2012-08-06,7336.64898,1241.42928,161,23
2012-08-07,9290.4067,1290.234,137,19
2012-08-08,8976.3498,2071.1422,111,20
2012-08-09,12666.19216,2825.34066,147,24
2012-08-10,15656.0786,3646.7813,181,32
2012-08-11,1506.948,-381.4295,50,8
2012-08-12,691.905,213.195,18,3
2012-08-13,5722.6392000000005,774.7417,120,26
2012-08-14,14003.468,2936.418,169,22
2012-08-15,6844.232,768.8533,89,18
2012-08-16,16138.6797,2037.6398,186,22
2012-08-17,9297.289,936.9014,118,15
2012-08-18,6422.0311,944.3511,60,11
2012-08-19,33.96,7.08,2,1
2012-08-20,17934.2388,3451.9288,157,20
2012-08-21,6849.497,278.0892,102,16
2012-08-22,9683.2125,-838.9539000000001,103,16
2012-08-23,10801.219,-25.46170000000008,225,22
2012-08-24,19841.9538,2723.4472,232,25
2012-08-25,2598.43652,471.11492,77,9
2012-08-26,2258.204,-615.596,23,4
2012-08-27,10458.086,2448.4679,145,27
2012-08-28,16827.2455,2515.7417,150,24
2012-08-29,15279.03,1791.7866,200,25
2012-08-30,7040.725,668.9350000000001,59,11
2012-08-31,14604.5829,2856.0128,165,21
2012-09-01,5592.234,1235.8628,87,10
2012-09-02,2085.825,-122.655,36,7
2012-09-03,11086.86004,1420.95084,188,34
2012-09-04,10733.8545,1184.6695,167,29
2012-09-05,9362.82758,-1033.58182,182,25
2012-09-06,15371.87288,2269.32148,174,28
2012-09-07,13642.547,2955.0378,189,32
2012-09-08,2771.991,210.9054,51,8
2012-09-09,3305.814,109.724,19,3
2012-09-10,15473.2303,1031.6233,208,32
2012-09-11,7064.7848,1260.2739,196,32
2012-09-12,6633.672,1107.7756,138,26
2012-09-13,13354.7745,1308.7546,194,25
2012-09-14,15244.3752,1058.8987,148,24
2012-09-15,9837.13896,2050.60996,179,23
2012-09-16,1262.479,271.7954,19,4
2012-09-17,16867.1433,-1292.0959000000005,185,25
2012-09-18,17579.18578,1308.2779799999998,211,33
2012-09-19,5124.1720000000005,851.8112,118,17
2012-09-20,17701.159,740.5251999999999,130,22
2012-09-21,14294.02724,1979.86144,199,30
2012-09-22,5308.2784,-548.9721000000001,92,15
2012-09-23,414.0,45.52,2,1
2012-09-24,15315.2837,2645.9447,225,33
2012-09-25,9277.6129,885.2384,200,36
2012-09-26,10443.35316,2206.70236,206,27
2012-09-27,11331.2322,2122.8952,163,23
2012-09-28,14806.4319,1361.0001,215,31
2012-09-29,7434.0533,105.25329999999995,61,7
2012-09-30,668.952,-955.748,23,1
2012-10-01,14903.2949,2238.0111,182,23
2012-10-02,6724.599200000001,853.9707999999999,141,26
2012-10-03,9909.529,694.6718,153,21
2012-10-04,8740.8626,559.8075999999999,112,17
2012-10-05,16411.95278,3761.68798,164,27
2012-10-06,4668.3783,286.8183,107,9
2012-10-07,96.0,31.68,2,1
2012-10-08,5035.7308,-123.44370000000004,89,15
2012-10-09,8865.54108,1555.53018,150,24
2012-10-10,9466.34074,-465.4608600000001,104,20
2012-10-11,11847.6165,-554.6571,121,15
2012-10-12,10974.386,2629.4908,130,20
2012-10-13,6026.056,1739.3214,33,5
2012-10-14,98.44,-47.760000000000005,4,2
2012-10-15,15018.71396,398.85966,223,21
2012-10-16,4260.59174,622.3539400000001,64,10
2012-10-17,14582.22988,1643.21388,124,19
2012-10-18,5181.936,729.4706,112,19
2012-10-19,11176.505,1993.7268,135,20
2012-10-20,4861.925,-168.32960000000003,60,9
2012-10-21,154.77,27.72,7,1
2012-10-22,6701.6292,1457.3424,99,15
2012-10-23,8751.5916,1045.9897,167,19
2012-10-24,11084.47944,1574.8890399999998,225,28
2012-10-25,17693.51938,2676.26648,153,21
2012-10-26,5812.545,164.32580000000002,121,18
2012-10-27,7347.9572,719.3172000000001,115,11
2012-10-28,272.54,57.0292,17,2
2012-10-29,6812.0098,1050.0534,145,22
2012-10-30,12020.5466,1995.7055,141,20
2012-10-31,7437.6325,1515.2804,163,19
2012-11-01,11949.44772,2647.23822,176,32
2012-11-02,18487.45014,787.6794400000002,249,30
2012-11-03,5840.65864,696.10984,67,15
2012-11-04,820.52,121.33,11,2
2012-11-05,12281.2284,-1300.5026,262,35
2012-11-06,5124.82818,448.31438,103,16
2012-11-07,10643.96774,93.79793999999998,167,32
2012-11-08,28561.16,6573.0897,322,41
2012-11-09,12353.3231,1891.382,220,29
2012-11-10,15566.35992,1451.03092,166,20
2012-11-11,1546.368,-32.53960000000001,20,4
2012-11-12,11421.689,114.60949999999998,206,24
2012-11-13,25621.95062,2255.07852,419,46
2012-11-14,10203.80838,1289.26748,203,34
2012-11-15,15137.6561,1176.6908,244,28
2012-11-16,16249.1847,-1124.8947,249,27
2012-11-17,6542.9490000000005,733.2837,114,13
2012-11-18,178.2,-29.76,6,2
2012-11-19,7551.5076,995.0532,138,29
2012-11-20,16073.9935,2508.4531,263,36
2012-11-21,12834.0034,-353.0491999999999,222,27
2012-11-22,7020.19,1204.8729,160,24
2012-11-23,13101.7573,1696.0053,193,23
2012-11-24,7935.704,1681.256,112,12
2012-11-25,385.684,-110.00000000000011,24,3
2012-11-26,6162.062,1428.1115,126,21
2012-11-27,10679.3206,1490.9223,213,30
2012-11-28,13772.07346,503.6944600000001,194,29
2012-11-29,10128.2258,2214.818,178,27
2012-11-30,9337.1456,769.3787000000001,166,25
2012-12-01,15573.4269,1077.0119,151,17
2012-12-02,282.348,3.708000000000002,21,2
2012-12-03,22906.4414,1454.3998,270,39
2012-12-04,16801.13678,490.8523799999999,233,27
2012-12-05,6986.34436,1998.88896,148,22
2012-12-06,11697.425,2403.209,169,28
2012-12-07,11723.7461,1757.1469,173,20
2012-12-08,4077.124,81.63050000000001,77,12
2012-12-09,2455.9500000000003,-358.96020000000004,19,3
2012-12-10,8745.13128,889.70408,181,26
2012-12-11,12184.6973,1747.5507,214,23
2012-12-12,7409.1392,1569.1497,148,26
2012-12-13,16506.5184,2346.8177,118,16
2012-12-14,5520.3778,1594.8629,106,23
2012-12-15,11397.998,-373.1525,121,14
2012-12-16,2137.68,727.1706,16,3
2012-12-17,13440.209,1193.1459,221,28
2012-12-18,7509.477,-184.01800000000003,194,26
2012-12-19,22433.19732,3406.70632,197,27
2012-12-20,20077.66394,1588.04674,208,35
2012-12-21,10490.67876,2052.83356,150,22
2012-12-22,5545.725,329.63520000000005,81,10
2012-12-23,606.02,154.7528,14,2
2012-12-24,15731.13084,451.3904399999996,212,24
2012-12-25,21570.6031,1034.5949999999998,248,31
2012-12-26,16941.769519999998,-335.73428000000007,182,25
2012-12-27,15327.6531,1220.1605,237,34
2012-12-28,14815.1683,1949.7789,237,31
2012-12-29,1870.5078,517.6614,33,10
2012-12-30,4823.094,720.7878000000001,55,4
2012-12-31,10668.5844,1441.0186,180,25
2013-01-01,9369.153,1346.523,86,13
2013-01-02,11613.8956,1858.8766,106,16
2013-01-03,5790.969,1191.255,83,12
2013-01-04,16266.57344,2500.80544,127,17
2013-01-05,5795.9995,1520.8323,50,7
2013-01-06,98.96,13.84,4,1
2013-01-07,12466.376,1458.7991,119,14
2013-01-08,6649.573,884.8953000000001,106,15
2013-01-09,4550.418,179.58000000000007,80,13
2013-01-10,7617.9429,1465.8582,107,18
2013-01-11,4942.5665,1082.0659,80,12
2013-01-12,7543.6876,1003.2876,57,7
2013-01-13,46.116,11.676,4,1
2013-01-14,2583.10538,54.29738,80,12
2013-01-15,7600.389999999999,245.40939999999992,105,12
2013-01-16,4987.9172,587.3357000000001,104,12
2013-01-17,3968.6696,25.40780000000001,75,12
2013-01-18,7588.74316,805.36316,96,19
2013-01-19,5773.737999999999,708.4979999999999,42,7
2013-01-20,2252.55,856.8,15,1
2013-01-21,11124.019,2563.3858,65,8
2013-01-22,6085.718,848.4589,111,15
2013-01-23,5145.696,1136.2028,79,11
2013-01-24,2210.3428,206.4728,33,9
2013-01-25,8421.979000000001,530.4528000000001,99,11
2013-01-26,1176.5256,182.3556,28,5
2013-01-27,1290.42,457.8,24,2
2013-01-28,12537.8485,1048.7053,119,16
2013-01-29,9020.703,827.253,88,11
2013-01-30,6866.5544,-5.19620000000002,143,17
2013-01-31,7798.7572,1213.263,98,19
2013-02-01,3303.96156,-635.08224,74,11
2013-02-02,11259.02264,3172.01964,60,13
2013-02-03,1204.71,238.704,11,2
2013-02-04,1414.609,90.6878,35,11
2013-02-05,18217.84608,1723.5166800000002,159,12
2013-02-06,8925.3719,-52.00290000000002,94,19
2013-02-07,8287.905,1804.4455,121,14
2013-02-08,9333.5721,1831.9734,88,14
2013-02-09,5124.833,-362.7492,35,7
2013-02-10,997.719,86.16899999999998,31,2
2013-02-11,8821.35362,2380.00292,97,12
2013-02-12,6532.916,832.294,132,12
2013-02-13,3511.6102,453.0302,59,15
2013-02-14,5786.87468,307.99838,84,11
2013-02-15,3596.835,440.4732,107,15
2013-02-16,3844.527,673.0722,58,10
2013-02-18,12446.434,2285.434,85,10
2013-02-19,7327.4245,648.167,110,14
2013-02-20,4248.398,585.9294,87,14
2013-02-21,4173.247,217.0055,68,10
2013-02-22,8363.59,2697.3509,107,17
2013-02-23,1928.082,349.617,36,6
2013-02-25,5845.52872,-167.90128,78,13
2013-02-26,5315.825,-34.88499999999999,78,14
2013-02-27,15505.1614,3957.113,143,18
2013-02-28,1922.293,240.113,65,11
2013-03-01,6597.06804,88.29683999999992,87,15
2013-03-02,7286.518,1977.6271,60,8
2013-03-03,444.8958,50.36579999999999,16,2
2013-03-04,15417.512,167.8167,149,18
2013-03-05,8917.34268,1980.91058,121,21
2013-03-06,6954.35032,1816.95062,89,14
2013-03-07,3656.2319,-643.4266,90,16
2013-03-08,9786.367,2488.5554,96,18
2013-03-09,2424.0645600000003,259.03436,63,9
2013-03-10,635.6,212.0786,18,2
2013-03-11,18502.21736,1355.38566,171,25
2013-03-12,5184.498,717.0118,87,17
2013-03-13,11326.8795,-1844.4352,179,25
2013-03-14,11487.989,-370.5476000000002,122,16
2013-03-15,6026.35208,1543.5882800000002,112,18
2013-03-16,3828.16,311.8989,70,9
2013-03-17,35.34,9.18,3,1
2013-03-18,7049.69856,1253.22866,89,15
2013-03-19,8508.0787,1355.5357,101,11
2013-03-20,8830.2609,1947.1047,106,15
2013-03-21,4664.94124,1210.79534,77,11
2013-03-22,2700.9167,-16.12029999999999,62,16
2013-03-23,9343.8875,1922.0711,136,16
2013-03-24,193.24,68.52,10,1
2013-03-25,6929.8997,592.0509000000001,108,17
2013-03-26,3764.6951,647.2466,79,18
2013-03-27,8676.10938,1152.11508,91,14
2013-03-28,3555.3726,583.978,99,12
2013-03-29,10828.672,2159.7014,104,16
2013-03-30,4669.2935,431.7416,88,13
2013-03-31,367.578,5.514599999999999,3,2
2013-04-01,5679.585,831.5423000000001,84,14
2013-04-02,10219.9645,2380.2555,164,24
2013-04-03,5294.4016,864.2456,66,13
2013-04-04,3970.899,-282.34600000000006,67,13
2013-04-05,8882.754500000001,1553.3352,123,19
2013-04-06,3030.1485,-13.055700000000014,48,9
2013-04-07,2496.13,104.66499999999996,48,4
2013-04-08,7426.4559,-921.0446,92,16
2013-04-09,10098.59432,-2491.71938,158,18
2013-04-10,6461.4648,502.2847,124,19
2013-04-11,3486.196,438.1902,105,19
2013-04-12,8453.2346,2477.3746,111,14
2013-04-13,3538.985,721.3169,58,9
2013-04-14,1176.06,115.6164,12,2
2013-04-15,6550.78132,-14.982080000000025,133,22
2013-04-16,7757.19348,1242.04478,113,14
2013-04-17,13408.671,3266.3282,89,17
2013-04-18,7217.33408,1639.17048,108,19
2013-04-19,5935.0134,-259.517,110,13
2013-04-20,5387.88944,1030.55284,111,10
2013-04-22,2692.2856,479.8168,60,11
2013-04-23,8133.48504,-750.91956,140,18
2013-04-24,3658.22,389.552,108,13
2013-04-25,9208.55802,616.84202,149,16
2013-04-26,10916.00614,2077.54294,107,19
2013-04-27,2222.706,619.5222,11,3
2013-04-29,3897.4987,690.1831999999999,95,17
2013-04-30,10620.8009,2155.2409,94,9
2013-05-01,11486.8388,1455.5603999999998,154,22
2013-05-02,1993.9131,-109.5755,52,11
2013-05-03,10906.3059,2299.7173,210,25
2013-05-04,7506.0037,304.9141,108,9
2013-05-05,1605.4199999999998,424.2,18,3
2013-05-06,6345.916200000001,1218.9874,112,22
2013-05-07,9004.9013,572.2746,210,22
2013-05-08,11563.1095,1852.5145,152,18
2013-05-09,6235.9187,-227.69679999999985,103,23
2013-05-10,8156.05,578.1565999999999,147,22
2013-05-11,6436.862,294.4012,60,11
2013-05-12,436.834,-141.165,23,5
2013-05-13,3520.26,219.1103,74,18
2013-05-14,10354.08486,957.10486,127,18
2013-05-15,8747.5656,1126.7731,212,26
2013-05-16,14928.2762,1808.099,183,21
2013-05-17,8981.65684,440.2578399999999,155,21
2013-05-18,2135.17784,438.50674,90,11
2013-05-19,832.8,168.4206,15,3
2013-05-20,4217.01962,878.62062,94,16
2013-05-21,10407.966,3160.5023,121,18
2013-05-22,9609.7165,1225.8434,115,13
2013-05-23,4886.85586,678.22056,103,17
2013-05-24,22700.50344,-491.8245600000001,249,29
2013-05-25,3839.1047,616.3629,55,8
2013-05-26,1364.89,179.9108,19,2
2013-05-27,11794.5539,2181.8885,155,20
2013-05-28,17001.1588,1289.4764,180,23
2013-05-29,14578.93724,1459.07904,173,25
2013-05-30,12983.5511,3303.882,136,16
2013-05-31,15936.413,333.1709,203,26
2013-06-01,8286.255,-23.57439999999997,159,19
2013-06-02,1710.822,312.362,41,8
2013-06-03,11974.78,3717.2156,155,26
2013-06-04,18446.54674,1766.5215400000002,216,27
2013-06-05,19053.6998,2252.6791,227,28
2013-06-06,10820.2138,1656.925,143,27
2013-06-07,20571.80336,2865.57286,306,41
2013-06-08,8766.2973,149.92720000000003,129,20
2013-06-09,449.67,104.52,13,2
2013-06-10,21924.19572,-1842.6781800000003,210,33
2013-06-11,23931.94808,2336.76248,261,29
2013-06-12,15274.13606,4050.58516,206,28
2013-06-13,18579.1949,-263.94620000000003,339,41
2013-06-14,17450.4206,3328.4579,243,30
2013-06-15,13960.01572,1921.79412,156,19
2013-06-16,1241.248,-811.495,16,3
2013-06-17,20476.8394,2353.7754,268,36
2013-06-18,20791.1896,1180.1922999999997,264,36
2013-06-19,10296.5126,372.542,130,27
2013-06-20,10392.9283,2770.4947,124,16
2013-06-21,11388.29308,937.91778,224,28
2013-06-22,3666.708,338.35920000000004,83,16
2013-06-23,2961.438,283.0380000000002,27,3
2013-06-24,24123.81282,2393.510320000001,295,33
2013-06-25,22756.9316,4055.4424,262,37
2013-06-26,12466.334,1458.2964,219,27
2013-06-27,17975.07866,4563.48466,255,39
2013-06-28,16550.22176,2556.41116,234,30
2013-06-29,5627.047,-103.04809999999998,87,13
2013-06-30,4605.03,796.3679999999999,35,4
2013-07-01,9508.07888,2291.31208,130,15
2013-07-02,10953.62664,817.91524,137,21
2013-07-03,9431.70904,-352.2163600000001,149,21
2013-07-04,6050.2232,1253.919,87,17
2013-07-05,5129.5397,725.9988,73,12
2013-07-06,5712.55404,962.13404,98,11
2013-07-07,51.52,0.0,7,1
2013-07-08,16834.878,2465.1362,179,18
2013-07-09,5904.4355,594.4725999999999,143,24
2013-07-10,10176.856,1428.7496,93,16
2013-07-11,11002.6448,347.9686,116,19
2013-07-12,10501.20672,1717.82672,144,13
2013-07-13,2029.715,239.027,52,11
2013-07-14,2441.02352,593.97352,30,5
2013-07-15,10978.83828,2658.18778,160,22
2013-07-16,10726.3773,1132.2413,118,15
2013-07-17,5669.85686,-300.26914000000005,115,16
2013-07-18,4888.334,1229.3557,105,14
2013-07-19,7928.4999,587.1828999999999,123,19
2013-07-20,7852.508,1278.844,114,10
2013-07-21,89.95,43.176,5,1
2013-07-22,14716.4437,1607.1867,204,25
2013-07-23,8701.27792,1170.40962,183,21
2013-07-24,4495.121,273.0851,101,12
2013-07-25,15506.9149,2427.8945,126,16
2013-07-26,11296.7505,2493.3396,121,18
2013-07-27,977.52,243.0,27,5
2013-07-28,716.7330000000001,-277.077,18,1
2013-07-29,7271.4761,-1202.2581,128,20
2013-07-30,5760.467,1202.0583,91,14
2013-07-31,6623.8725,1211.2529,75,15
2013-08-01,15739.88888,2627.01178,185,23
2013-08-02,9884.04422,1930.27982,166,30
2013-08-03,4220.29,462.8798,70,9
2013-08-04,3406.9704,253.6434,55,4
2013-08-05,6754.5477,166.1731,155,26
2013-08-06,12377.637,1905.162,160,28
2013-08-07,12677.57344,1280.95564,248,37
2013-08-08,6508.44688,692.08248,137,19
2013-08-09,9095.2398,-86.05759999999997,160,25
2013-08-10,4810.348,-113.13140000000018,94,11
2013-08-11,943.506,60.936,28,4
2013-08-12,18109.25496,2803.16016,219,34
2013-08-13,15315.0775,-435.9283999999999,220,31
2013-08-14,9339.94,-244.2692,199,33
2013-08-15,18846.98,2018.2382,225,26
2013-08-16,19199.20472,3070.22192,295,40
2013-08-17,3204.735,598.5672000000001,61,13
2013-08-18,24.072,6.4156,6,2
2013-08-19,13954.55488,-2510.97102,240,31
2013-08-20,11053.138,1773.8373,175,19
2013-08-21,14644.5053,2589.6059,169,28
2013-08-22,20914.6812,352.98100000000005,246,26
2013-08-23,10338.4369,1265.9599,170,30
2013-08-24,15632.6933,2519.3998,195,21
2013-08-25,375.456,74.646,15,4
2013-08-26,9247.405,1592.735,88,16
2013-08-27,21351.4685,2860.3157,234,38
2013-08-28,11947.6502,865.5320999999999,218,29
2013-08-29,9017.61244,396.35294,209,27
2013-08-30,8131.03264,1430.57764,166,21
2013-08-31,9422.3985,816.3557000000001,126,10
2013-09-01,365.308,71.9068,12,3
2013-09-02,12374.2472,2798.1054,171,31
2013-09-03,22431.6059,1066.2295999999997,283,37
2013-09-04,14181.08688,1107.26028,194,33
2013-09-05,17986.4125,3924.1713,284,39
2013-09-06,14405.467,2480.7544,322,44
2013-09-07,2432.237,430.6127999999999,56,12
2013-09-08,1058.2104,-0.0096000000000007,7,2
2013-09-09,15472.0449,1237.0413,218,39
2013-09-10,16155.07586,2542.11546,247,29
2013-09-11,12800.8402,2145.7666,197,30
2013-09-12,17038.4505,3025.4647,256,35
2013-09-13,12952.54494,2491.04034,252,30
2013-09-14,20747.764,-278.8012999999999,178,18
2013-09-15,1840.928,176.60459999999998,26,6
2013-09-16,20816.3305,2774.9484,268,29
2013-09-17,16186.4583,2155.3141,195,29
2013-09-18,6126.71094,1080.03524,137,27
2013-09-19,21465.1807,2109.0947,275,43
2013-09-20,23853.26708,2673.3550800000003,397,42
2013-09-21,14390.61452,2468.76112,214,32
2013-09-22,164.61,59.46,6,2
2013-09-23,4632.708,605.4901,179,38
2013-09-24,14077.28,691.2715000000001,235,35
2013-09-25,18285.9016,1202.7660999999998,308,44
2013-09-26,17363.49584,-2068.7799600000003,285,37
2013-09-27,11984.1713,453.0529,251,40
2013-09-28,7035.8718,-77.8242,86,12
2013-09-29,997.918,-29.18800000000001,14,3
2013-09-30,16996.50382,1589.64802,240,36
2013-10-01,7366.253,1082.1324,80,19
2013-10-02,11091.91576,1326.32226,130,21
2013-10-03,26325.29798,9332.49308,177,20
2013-10-04,12945.0904,948.1382,172,29
2013-10-05,10810.0834,2810.6612,81,12
2013-10-06,72.9204,9.200400000000007,5,2
2013-10-07,7622.66046,-549.1366399999999,156,22
2013-10-08,9901.5372,1782.2132,105,21
2013-10-09,14508.5563,1304.6799,137,21
2013-10-10,5394.942,56.67359999999999,132,20
2013-10-11,11738.0949,1868.413,124,26
2013-10-12,4575.07016,342.29916,65,15
2013-10-13,1156.0,325.7,10,2
2013-10-14,9136.939,515.2883,231,23
2013-10-15,17727.9413,2977.5803,253,28
2013-10-16,14027.94622,1095.30722,218,21
2013-10-17,14107.5114,2195.7842,102,16
2013-10-18,12939.4413,1800.5863,176,28
2013-10-19,962.568,-81.133,38,5
2013-10-20,412.188,41.628,4,2
2013-10-21,10370.9516,259.0489,147,19
2013-10-22,14937.47492,2620.87352,224,27
2013-10-23,15583.325,3322.3108,178,26
2013-10-24,3728.86576,471.63396,85,17
2013-10-25,7382.3006,1028.4785,116,20
2013-10-26,2369.88172,408.24772,20,5
2013-10-27,1590.264,154.94400000000002,6,2
2013-10-28,8588.956,2389.121,111,18
2013-10-29,12815.10846,1030.24526,221,35
2013-10-30,13942.4152,2007.2396,191,32
2013-10-31,9274.14244,-443.75175999999993,188,28
2013-11-01,20912.12782,4450.635020000001,280,42
2013-11-02,3214.961,-52.958799999999975,71,14
2013-11-04,13808.27114,1666.00534,207,30
2013-11-05,15754.074,1327.8610999999996,230,36
2013-11-06,16328.2569,1388.9332,289,39
2013-11-07,8291.3617,1257.2639,160,24
2013-11-08,13703.4378,2609.139,205,35
2013-11-09,10233.15192,-705.6324800000001,171,20
2013-11-10,479.97,177.5889,3,1
2013-11-11,19648.5191,1784.4295000000002,368,49
2013-11-12,8931.8481,673.21,199,32
2013-11-13,19744.77918,2504.89638,256,26
2013-11-14,10062.8955,1563.8877,177,29
2013-11-15,20263.8765,2479.0155000000004,291,37
2013-11-16,7730.995,1555.6871,77,14
2013-11-17,3740.296,795.292,34,7
2013-11-18,12479.1843,616.632,259,36
2013-11-19,24523.33794,5983.12794,276,44
2013-11-20,5286.2659,1174.3744,170,25
2013-11-21,9791.073,1359.2726,210,32
2013-11-22,15233.32182,2741.85442,242,30
2013-11-23,6812.498,1418.679,110,19
2013-11-24,3372.64564,1199.70924,63,8
2013-11-25,16204.89612,3036.59422,243,34
2013-11-26,20902.2293,-4787.5486,236,32
2013-11-27,14318.573,3277.2657,147,23
2013-11-28,29925.34976,5538.72516,323,40
2013-11-29,15182.30256,2574.46356,155,18
2013-11-30,7108.8611,454.5937,104,17
2013-12-01,1364.885,162.1972999999999,27,4
2013-12-02,15644.011,2490.2508,212,31
2013-12-03,19735.465,3039.6622,271,37
2013-12-04,17446.07442,2212.37462,246,37
2013-12-05,6781.752,669.5648,135,27
2013-12-06,20781.3036,3779.4265,323,36
2013-12-07,7412.277,1827.2761,177,17
2013-12-08,383.68,101.8,11,2
2013-12-09,12882.0841,968.3694,240,37
2013-12-10,16257.4905,658.9768,252,43
2013-12-11,18101.0833,4140.0416,294,37
2013-12-12,18001.20684,916.17904,280,36
2013-12-13,9430.0595,1324.8877,172,26
2013-12-14,4576.245919999999,-151.12668000000002,63,12
2013-12-15,1385.358,296.9653,38,4
2013-12-16,23018.6528,3840.1144,207,31
2013-12-17,13433.86052,1869.84222,166,29
2013-12-18,33934.3826,8277.1655,310,41
2013-12-19,15151.203,1534.0174,289,38
2013-12-20,22227.35348,244.7761799999999,283,45
2013-12-21,3501.239,339.4398,75,11
2013-12-22,2333.24,348.27,26,3
2013-12-23,15337.1411,1728.6165,218,31
2013-12-24,15831.4899,1882.1733,200,36
2013-12-25,11340.688,1784.0709000000002,207,32
2013-12-26,36435.14374,2383.13484,305,36
2013-12-27,10278.3105,690.8541,160,28
2013-12-28,3553.0363,-52.92510000000008,100,19
2013-12-29,426.56,28.98,9,3
2013-12-30,14292.38,1602.2955,206,29
2013-12-31,14176.7209,1265.2001,192,30
2014-01-01,3614.0345,163.39,77,17
2014-01-02,4169.51614,237.72724,118,12
2014-01-03,11327.622,1605.6907,174,21
2014-01-04,4705.2737,62.9817,58,10
2014-01-05,426.66,145.35,19,2
2014-01-06,10840.6525,1130.8525,136,20
2014-01-07,6201.1715,140.0219,48,6
2014-01-08,13412.551,1110.0802,119,15
2014-01-09,9742.349,449.4372000000001,146,24
2014-01-10,4202.1201,68.5866000000001,65,15
2014-01-11,4428.555,313.395,38,7
2014-01-12,74.376,-16.284,4,1
2014-01-13,5358.283,302.37700000000007,98,17
2014-01-14,17297.8,2647.2924000000003,145,17
2014-01-15,6001.5883,1312.9882,147,19
2014-01-16,11339.18734,2635.71334,158,21
2014-01-17,14419.377,3720.668,123,14
2014-01-18,9690.959,-819.4710000000001,80,8
2014-01-19,194.04,34.92,4,1
2014-01-20,11621.8767,1836.896,116,23
2014-01-21,8760.21228,617.51628,118,22
2014-01-22,12946.0991,1421.5448,206,24
2014-01-23,6711.383,1454.1921000000002,83,10
2014-01-24,9327.464,1873.69,117,24
2014-01-25,7099.291,1967.6632,62,8
2014-01-26,2073.1635,538.9635000000001,28,3
2014-01-27,5229.7944,1230.5299,95,13
2014-01-28,8557.4038,-1616.8563,137,20
2014-01-29,11461.767,1239.1248,133,21
2014-01-30,7594.134,1128.9751,101,13
2014-01-31,12439.8508,1063.4299,169,22
2014-02-01,866.496,68.06599999999989,23,4
2014-02-03,4501.0905,84.36349999999997,84,14
2014-02-04,8190.8021,1079.0051,109,18
2014-02-05,6322.965,1139.6892,76,11
2014-02-06,7087.8438,399.1638,106,17
2014-02-07,11013.111,-1191.8972,166,24
2014-02-08,2330.52,941.73,11,3
2014-02-09,127.89,15.33,1,1
2014-02-10,11901.2469,1809.9103,149,20
2014-02-11,12390.489,967.4034,133,21
2014-02-12,11209.1396,2121.6554,95,15
2014-02-13,9613.0997,1082.6497000000002,125,21
2014-02-14,11483.1528,2287.8373,142,21
2014-02-15,2606.401,469.851,61,9
2014-02-16,412.38,81.75,14,2
2014-02-17,10506.711,428.6346,148,25
2014-02-18,9960.8885,1066.0432999999998,126,14
2014-02-19,6749.0554,1331.9976,78,14
2014-02-20,6909.839,367.4605000000001,77,14
2014-02-21,8022.3259,-468.2562,126,22
2014-02-22,2684.94,550.432,52,9
2014-02-23,753.711,261.501,19,3
2014-02-24,8064.3712,1154.2612,125,22
2014-02-25,6739.635,770.6519000000001,75,11
2014-02-26,4574.0988,223.537,69,16
2014-02-27,10045.579,1205.1862,113,14
2014-02-28,9769.57336,1503.74336,179,20
2014-03-01,2913.32268,91.09687999999996,43,9
2014-03-02,613.053,132.733,22,6
2014-03-03,4703.6428,725.8265,137,19
2014-03-04,11929.4062,1557.8702999999998,184,28
2014-03-05,6783.227,-1244.1274,122,19
2014-03-06,7211.671,1307.6923,158,21
2014-03-07,4784.565,857.285,116,20
2014-03-08,3177.406,590.3273999999999,58,8
2014-03-09,882.46,251.308,18,3
2014-03-10,5362.4368,-162.2487,116,22
2014-03-11,12587.338,644.4364,142,21
2014-03-12,9031.6962,598.2766,172,23
2014-03-13,6264.615,1244.059,98,17
2014-03-14,14090.9675,2553.0231,185,25
2014-03-15,9022.7951,1064.9707,112,15
2014-03-16,68.824,-66.896,5,1
2014-03-17,20497.38044,2684.05194,219,26
2014-03-18,11182.05488,-475.31372,199,27
2014-03-19,12634.701,1676.1149,182,26
2014-03-20,9521.114,1908.7453,188,23
2014-03-21,9052.518,1603.1145,148,24
2014-03-22,8990.949,1928.8426,127,16
2014-03-23,240.45,21.6,5,1
2014-03-24,23864.2445,7830.0941,135,23
2014-03-25,8008.5238,1215.8482,125,17
2014-03-26,17628.17776,3173.82436,130,19
2014-03-27,15203.49464,1446.40434,176,20
2014-03-28,10960.88032,1685.1375199999998,169,21
2014-03-29,1731.742,-95.33580000000003,40,4
2014-03-30,251.86,81.914,14,2
2014-03-31,13905.256,2526.5852,177,25
2014-04-01,12109.7813,710.0863000000003,188,21
2014-04-02,14932.88022,1046.3830200000002,206,28
2014-04-03,9184.2577,606.0658999999999,130,22
2014-04-04,2807.2174,-354.21400000000006,75,15
2014-04-05,1767.8156,254.4833,45,13
2014-04-06,1151.547,203.697,23,2
2014-04-07,11079.1493,2803.8397,150,21
2014-04-08,7562.3715,-289.0517000000001,102,14
2014-04-09,16025.2166,2698.2349000000004,167,21
2014-04-10,8510.58544,2195.29754,133,20
2014-04-11,8917.33408,409.49928,130,23
2014-04-12,5151.339,421.13,59,12
2014-04-13,1890.072,134.37900000000002,22,5
2014-04-14,12465.567,2811.4934,116,16
2014-04-15,11623.83186,1169.60236,176,23
2014-04-16,15246.71254,2507.01964,180,26
2014-04-17,11517.0725,966.8045,206,28
2014-04-18,8721.1766,-3196.4674,151,18
2014-04-19,1880.865,250.475,57,7
2014-04-20,1073.979,70.239,7,3
2014-04-21,13644.6222,1648.1465,198,22
2014-04-22,7244.557,703.2871,128,20
2014-04-23,7784.17092,456.21192,120,23
2014-04-24,10634.0821,2175.8873,170,23
2014-04-25,5870.732,-365.8521,117,23
2014-04-26,5624.4665,1071.5984,112,16
2014-04-27,1084.3236,285.4379,33,4
2014-04-28,13019.0336,1513.2086,166,25
2014-04-29,4531.0222,485.2633999999999,72,12
2014-04-30,9716.07954,390.1154400000001,155,19
2014-05-01,10075.2904,619.4594,170,29
2014-05-02,10095.5512,-444.0466,128,30
2014-05-03,2956.367,116.27140000000004,72,12
2014-05-04,2777.398,-45.5282000000002,56,5
2014-05-05,7532.742,1445.4163,148,22
2014-05-06,3321.7977,17.89220000000002,107,22
2014-05-07,14736.6462,408.4211999999999,267,34
2014-05-08,22267.3795,2287.979,280,37
2014-05-09,14904.579000000002,1839.4386,190,33
2014-05-10,8213.04476,1047.99516,105,19
2014-05-11,808.322,-120.64799999999998,23,2
2014-05-12,6460.4826,-256.02130000000005,125,29
2014-05-13,7718.0362,1273.1232,149,24
2014-05-14,4904.3119,1143.4771,125,16
2014-05-15,14365.104,2543.9298,227,22
2014-05-16,21188.90412,2895.51482,178,26
2014-05-17,6513.5895,2292.6095,37,9
2014-05-18,160.736,-162.214,6,2
2014-05-19,16817.5266,1752.2522,279,28
2014-05-20,12204.74084,2711.06414,189,30
2014-05-21,8808.3488,918.2212,177,27
2014-05-22,8316.259,1701.2673,99,21
2014-05-23,8352.0368,-2115.5047,132,25
2014-05-24,8062.777700000001,1547.544,87,14
2014-05-25,1212.5688,-734.1312,21,1
2014-05-26,10350.4676,1554.0633,170,26
2014-05-27,13568.35452,2940.83412,169,27
2014-05-28,12134.9103,2509.8201,143,27
2014-05-29,16614.258,2178.0214,212,31
2014-05-30,6477.1895,1028.7114,127,23
2014-05-31,6481.3256,1058.3249,102,16
2014-06-01,2039.844,-11.045999999999983,18,4
2014-06-02,15738.0149,1714.059,193,32
2014-06-03,17697.93048,2660.74098,258,32
2014-06-04,17543.37264,2395.81204,266,35
2014-06-05,11191.20808,1535.31928,232,41
2014-06-06,14222.06636,206.19926000000004,211,30
2014-06-07,4525.76116,781.43916,55,9
2014-06-08,2846.67,975.73,41,5
2014-06-09,20002.27146,2517.99536,275,43
2014-06-10,18326.51064,603.6249400000002,250,37
2014-06-11,17144.68156,2443.73086,304,50
2014-06-12,11547.57096,1572.70816,230,32
2014-06-13,12595.6398,-41.38380000000006,216,37
2014-06-14,7436.2755,-491.4647,135,20
2014-06-15,1382.5320000000002,230.892,21,4
2014-06-16,17988.1986,1862.9604,233,39
2014-06-17,19974.10056,2731.40156,240,38
2014-06-18,32197.37604,2550.21994,461,62
2014-06-19,12526.26602,-86.17958000000004,191,25
2014-06-20,12022.671,1209.8854,158,30
2014-06-21,6228.6212,932.2652,135,24
2014-06-22,1218.6009,312.0741,51,5
2014-06-23,16701.28862,797.0382199999999,278,43
2014-06-24,27468.73764,6626.57764,303,43
2014-06-25,13231.435,-632.5824,253,42
2014-06-26,21339.98032,3334.53582,265,35
2014-06-27,17892.87128,4165.70468,293,41
2014-06-28,6938.569,1556.5589,102,16
2014-06-29,2437.83,250.44,20,3
2014-06-30,19407.16738,1073.34638,321,45
2014-07-01,8456.245,184.49530000000004,117,20
2014-07-02,11007.22,2302.6246,109,19
2014-07-03,8742.40608,-332.98002,175,18
2014-07-04,17291.8777,3637.2588,198,26
2014-07-05,10303.694,1872.934,86,13
2014-07-06,652.28,-338.2639,43,5
2014-07-07,7773.59508,-32.86752000000006,121,20
2014-07-08,4797.915,-177.1721,103,17
2014-07-09,15173.26164,3151.81524,199,27
2014-07-10,9793.106,1694.1934,209,22
2014-07-11,8423.75894,1353.60994,144,23
2014-07-12,8354.7919,1373.418,86,12
2014-07-13,213.528,-200.2155,7,2
2014-07-14,9468.3334,-22.11190000000005,150,18
2014-07-15,7418.2445,-233.83339999999995,103,14
2014-07-16,9491.33298,1930.23918,138,24
2014-07-17,11801.932,1987.1834,100,19
2014-07-18,6535.983,1391.4042,80,13
2014-07-19,7835.41144,-597.64236,74,12
2014-07-21,12391.46374,1005.30314,153,19
2014-07-22,12723.11432,1323.6789199999998,220,25
2014-07-23,4115.883,140.22289999999998,77,15
2014-07-24,7808.157,67.53079999999997,184,31
2014-07-25,6340.4384,1073.8744000000002,77,14
2014-07-26,6679.5597,679.7108999999999,126,17
2014-07-27,3904.6325,849.1845000000001,36,5
2014-07-28,8970.94942,1631.5149199999998,138,26
2014-07-29,11164.4213,1396.0609,101,20
2014-07-30,12999.09244,76.10904000000004,151,22
2014-07-31,8073.052,848.5927999999999,132,23
2014-08-01,13110.5434,3119.5768,187,32
2014-08-02,19434.857,2763.3408,214,27
2014-08-03,1581.0615,-112.5885,28,5
2014-08-04,21527.2271,4353.67,237,33
2014-08-05,13400.4034,1434.9754,186,29
2014-08-06,19847.42876,1948.08616,210,34
2014-08-07,23214.35076,3610.90096,261,35
2014-08-08,17935.558,1057.0794,267,43
2014-08-09,8220.3505,445.2405,132,20
2014-08-11,20214.3949,2180.9693,232,30
2014-08-12,14177.26774,1474.11614,261,38
2014-08-13,22487.8455,3567.866,312,34
2014-08-14,18806.9243,-541.6148999999999,242,39
2014-08-15,12693.38274,850.4246400000001,189,27
2014-08-16,15881.6061,837.1305,172,20
2014-08-17,615.224,90.9308,10,3
2014-08-18,20153.8113,2271.9018,296,33
2014-08-19,17608.52444,2819.42104,261,36
2014-08-20,25234.6553,2865.1886,246,39
2014-08-21,12040.4483,1429.3161,181,32
2014-08-22,28177.6565,5112.9013,321,42
2014-08-23,9433.4567,1213.3966,86,18
2014-08-24,5495.804,517.846,36,3
2014-08-25,11276.6997,1711.7097,157,27
2014-08-26,18164.3487,-572.8500999999999,282,41
2014-08-27,8966.79406,794.88906,188,32
2014-08-28,22058.4326,3693.8067,280,43
2014-08-29,28418.93576,3909.26466,237,34
2014-08-30,5979.7393,608.7895,101,16
2014-08-31,462.21,87.21000000000001,12,3
2014-09-01,16767.343,2683.6115,243,36
2014-09-02,16641.96224,1647.80084,196,38
2014-09-03,27844.18496,6136.40626,385,53
2014-09-04,19503.059,3264.3518,261,42
2014-09-05,19645.25958,1694.53268,339,51
2014-09-06,12910.1938,2440.7654,163,24
2014-09-07,630.36,86.31,7,1
2014-09-08,27668.911,7501.9457,314,47
2014-09-09,10259.91878,-575.1353199999999,235,34
2014-09-10,8982.8825,40.886100000000056,210,37
2014-09-11,22511.7039,2089.746,269,48
2014-09-12,23056.04664,3427.61534,339,44
2014-09-13,8900.3135,1132.3845,122,18
2014-09-14,604.37,203.666,17,3
2014-09-15,16199.98926,1986.88396,239,41
2014-09-16,22922.8973,3999.1706,323,48
2014-09-17,22945.90042,2501.74782,311,42
2014-09-18,29838.06548,4768.38118,313,36
2014-09-19,17151.95702,2450.98912,239,41
2014-09-20,6013.833,1003.6049,138,20
2014-09-21,8200.497,1713.4354,64,3
2014-09-22,10645.0316,1825.5765,163,32
2014-09-23,23876.49318,2079.78228,327,51
2014-09-24,13629.54262,-44.59777999999997,182,35
2014-09-25,21492.49492,4181.99442,376,52
2014-09-26,26791.06308,4126.697880000001,381,47
2014-09-27,8142.87066,-69.90304,150,16
2014-09-28,5995.96164,2068.27164,66,5
2014-09-29,17931.8976,3768.7287,239,40
2014-09-30,13452.24002,-156.19928,226,37
2014-10-01,7427.7711,-507.2142000000001,161,23
2014-10-02,21532.2825,5433.2395,305,33
2014-10-03,22240.5782,2401.0295,300,34
2014-10-04,8752.066420000001,2444.76962,116,17
2014-10-05,1601.323,105.0144,39,5
2014-10-06,22333.4812,3288.8629,256,33
2014-10-07,18471.69556,869.6365600000001,266,36
2014-10-08,10372.3426,1013.8231,178,29
2014-10-09,13440.88776,1941.15526,168,28
2014-10-10,11760.00796,-1664.5691399999998,202,27
2014-10-11,6575.4189,483.3993,67,11
2014-10-12,3783.487,772.897,45,7
2014-10-13,30242.1662,4651.1839,302,42
2014-10-14,17237.64036,3771.42026,207,30
2014-10-15,8445.633100000001,1002.2309,128,24
2014-10-16,9612.99628,227.68548,220,35
2014-10-17,29929.68798,3710.87988,353,36
2014-10-18,4896.6279,187.9648,75,15
2014-10-19,2605.7196,125.6496,39,5
2014-10-20,14932.046,1519.1853999999998,232,31
2014-10-21,11263.77236,1755.43026,217,29
2014-10-22,16067.3567,2056.3248,302,43
2014-10-23,24770.414,6558.113600000001,221,32
2014-10-24,19624.69758,2464.71488,245,31
2014-10-25,6714.7142,284.3087,90,15
2014-10-27,11054.28782,2083.46732,174,27
2014-10-28,22230.4128,4655.7153,251,29
2014-10-29,15127.4629,907.7226,254,40
2014-10-30,10448.81174,2029.47254,198,25
2014-10-31,19270.83944,3636.32074,265,38
2014-11-01,5190.376,498.1774,50,14
2014-11-02,3889.05,403.2369,34,5
2014-11-03,17834.4458,1440.7733999999998,269,41
2014-11-04,19814.964,1304.0378,333,55
2014-11-05,24506.7476,-2120.0606,261,41
2014-11-06,18726.602,3130.2682,287,45
2014-11-07,23916.90864,3102.68844,337,47
2014-11-08,17783.05744,3057.63104,206,29
2014-11-09,1313.5,342.792,23,4
2014-11-10,19583.51294,2012.68444,306,46
2014-11-11,21691.4615,2834.1833,218,35
2014-11-12,26974.00248,6438.50208,347,50
2014-11-13,19990.88942,1891.40842,372,52
2014-11-14,23388.18572,2272.97072,346,45
2014-11-15,5816.386,1050.3416,112,21
2014-11-16,5086.306,1272.642,51,6
2014-11-17,22349.19476,2027.20006,357,47
2014-11-18,39536.132,9399.6373,458,56
2014-11-19,23160.0742,2884.2463,352,47
2014-11-20,31408.0473,214.26439999999968,443,60
2014-11-21,26292.2328,1375.3356,339,43
2014-11-22,17026.27624,3505.58204,190,24
2014-11-23,3145.7,828.61,49,5
2014-11-24,16060.4461,2483.7744,227,39
2014-11-25,25099.328,4636.1028,397,60
2014-11-26,28477.40124,3188.87644,326,46
2014-11-27,26091.9144,2320.8198,383,46
2014-11-28,24443.46442,140.1824200000001,392,45
2014-11-29,14512.761,795.5372,173,21
2014-11-30,2169.659,124.14199999999998,68,7
2014-12-01,17570.8008,1237.8899999999996,259,43
2014-12-02,17209.156,1899.64,396,47
2014-12-03,25986.83372,2758.6607200000003,374,51
2014-12-04,23717.50958,2932.66828,318,48
2014-12-05,17065.345,1035.1489,233,43
2014-12-06,5283.508,751.5154999999999,152,19
2014-12-07,4389.32992,1668.12352,26,5
2014-12-08,18619.8606,-2894.1507,218,31
2014-12-09,20608.6028,1915.6063,311,43
2014-12-10,25548.674,3068.3458,397,56
2014-12-11,19206.87518,1550.32578,285,41
2014-12-12,12083.5189,1082.345,279,41
2014-12-13,16622.14026,1371.79026,187,25
2014-12-14,1309.264,172.64339999999996,38,6
2014-12-15,21374.216,886.892,325,36
2014-12-16,11568.2129,1780.6695,219,33
2014-12-17,16429.1869,687.2661,227,40
2014-12-18,16123.57,1897.8825,222,40
2014-12-19,25753.1901,3959.8848,344,49
2014-12-20,7806.2602,-98.51540000000006,96,17
2014-12-21,395.496,160.8315,17,3
2014-12-22,10355.855,1851.6365,168,26
2014-12-23,28096.0375,3955.7192,358,53
2014-12-24,20479.9147,3788.0665,266,36
2014-12-25,22701.69538,4548.17108,267,51
2014-12-26,26571.3444,162.6576999999998,377,55
2014-12-27,13421.26376,-916.64004,188,26
2014-12-28,1647.174,81.0638,51,6
2014-12-29,25109.28878,2046.20678,408,50
2014-12-30,16831.6148,2554.0046,284,45
2014-12-31,13257.9543,1020.1708,223,36
