Date,Actual_Sales,Type,Predicted_Sales,Lower_Bound,Upper_Bound
2011-01-01,808.563,Historical,,,
2011-01-02,314.22,Historical,,,
2011-01-03,4503.5372,Historical,,,
2011-01-04,2808.87024,Historical,,,
2011-01-05,3662.31,Historical,,,
2011-01-06,622.5381,Historical,,,
2011-01-07,7123.0185,Historical,,,
2011-01-08,6293.26,Historical,,,
2011-01-09,813.7494,Historical,,,
2011-01-10,6794.18116,Historical,,,
2011-01-11,6451.2517,Historical,,,
2011-01-12,2629.71652,Historical,,,
2011-01-13,2584.595,Historical,,,
2011-01-14,6280.4475,Historical,,,
2011-01-15,2279.5306,Historical,,,
2011-01-16,149.95,Historical,,,
2011-01-17,2309.52924,Historical,,,
2011-01-18,932.763,Historical,,,
2011-01-19,2054.691,Historical,,,
2011-01-20,2289.241,Historical,,,
2011-01-21,8485.3576,Historical,,,
2011-01-22,3564.1245,Historical,,,
2011-01-23,2163.43,Historical,,,
2011-01-24,3984.3813,Historical,,,
2011-01-25,1191.622,Historical,,,
2011-01-26,5422.6764,Historical,,,
2011-01-27,2165.3999,Historical,,,
2011-01-28,1208.122,Historical,,,
2011-01-29,909.94,Historical,,,
2011-01-30,454.887,Historical,,,
2011-01-31,7642.585,Historical,,,
2011-02-01,2455.67,Historical,,,
2011-02-02,7712.6763,Historical,,,
2011-02-03,366.644,Historical,,,
2011-02-04,1866.782,Historical,,,
2011-02-05,221.396,Historical,,,
2011-02-06,2.688,Historical,,,
2011-02-07,1799.1848,Historical,,,
2011-02-08,1007.82,Historical,,,
2011-02-09,4575.80736,Historical,,,
2011-02-10,11865.386,Historical,,,
2011-02-11,1007.42736,Historical,,,
2011-02-12,2870.8,Historical,,,
2011-02-13,129.568,Historical,,,
2011-02-14,4603.894,Historical,,,
2011-02-15,10346.901,Historical,,,
2011-02-16,9333.6093,Historical,,,
2011-02-17,630.9812000000001,Historical,,,
2011-02-18,2301.1240000000003,Historical,,,
2011-02-19,156.134,Historical,,,
2011-02-21,4485.643,Historical,,,
2011-02-22,2646.144,Historical,,,
2011-02-23,4353.976,Historical,,,
2011-02-24,5868.44554,Historical,,,
2011-02-25,3393.51712,Historical,,,
2011-02-26,4106.661,Historical,,,
2011-02-27,624.96,Historical,,,
2011-02-28,2418.317,Historical,,,
2011-03-01,12565.7663,Historical,,,
2011-03-02,4148.3728,Historical,,,
2011-03-03,9479.9366,Historical,,,
2011-03-04,1243.073,Historical,,,
2011-03-05,834.166,Historical,,,
2011-03-06,135.08,Historical,,,
2011-03-07,3863.362,Historical,,,
2011-03-08,9871.4036,Historical,,,
2011-03-09,722.766,Historical,,,
2011-03-10,4109.668,Historical,,,
2011-03-11,2933.80812,Historical,,,
2011-03-12,4636.7480000000005,Historical,,,
2011-03-14,6627.33,Historical,,,
2011-03-15,1824.624,Historical,,,
2011-03-16,1160.882,Historical,,,
2011-03-17,4614.013,Historical,,,
2011-03-18,30117.5462,Historical,,,
2011-03-19,971.462,Historical,,,
2011-03-21,10681.92214,Historical,,,
2011-03-22,3879.797,Historical,,,
2011-03-23,5070.3631,Historical,,,
2011-03-24,1363.384,Historical,,,
2011-03-25,3267.17126,Historical,,,
2011-03-26,856.445,Historical,,,
2011-03-27,29.814,Historical,,,
2011-03-28,4261.49644,Historical,,,
2011-03-29,2950.3782,Historical,,,
2011-03-30,5760.5126,Historical,,,
2011-03-31,7748.076,Historical,,,
2011-04-01,2582.801,Historical,,,
2011-04-02,8922.054,Historical,,,
2011-04-03,879.26,Historical,,,
2011-04-04,5723.19948,Historical,,,
2011-04-05,10266.5543,Historical,,,
2011-04-06,4672.516,Historical,,,
2011-04-07,3439.49,Historical,,,
2011-04-08,6800.426,Historical,,,
2011-04-09,367.365,Historical,,,
2011-04-11,4548.4736,Historical,,,
2011-04-12,4013.325,Historical,,,
2011-04-13,3053.3892,Historical,,,
2011-04-14,6250.894,Historical,,,
2011-04-15,1727.692,Historical,,,
2011-04-16,4039.898,Historical,,,
2011-04-18,5905.0505,Historical,,,
2011-04-19,2861.818,Historical,,,
2011-04-20,4136.99,Historical,,,
2011-04-21,4701.69,Historical,,,
2011-04-22,7061.9661,Historical,,,
2011-04-23,772.14,Historical,,,
2011-04-24,165.816,Historical,,,
2011-04-25,5028.6025,Historical,,,
2011-04-26,2086.2285,Historical,,,
2011-04-27,8435.277,Historical,,,
2011-04-28,3908.238,Historical,,,
2011-04-29,3070.826,Historical,,,
2011-04-30,1493.784,Historical,,,
2011-05-02,9275.207,Historical,,,
2011-05-03,5259.2939,Historical,,,
2011-05-04,7512.6567,Historical,,,
2011-05-05,2998.255,Historical,,,
2011-05-06,5964.67968,Historical,,,
2011-05-07,1983.514,Historical,,,
2011-05-08,2501.493,Historical,,,
2011-05-09,5018.48574,Historical,,,
2011-05-10,5825.5265,Historical,,,
2011-05-11,2821.097,Historical,,,
2011-05-12,5518.592,Historical,,,
2011-05-13,6773.806,Historical,,,
2011-05-14,4542.15,Historical,,,
2011-05-15,193.9275,Historical,,,
2011-05-16,1568.453,Historical,,,
2011-05-17,3523.569,Historical,,,
2011-05-18,9233.3544,Historical,,,
2011-05-19,3039.9052,Historical,,,
2011-05-20,1291.395,Historical,,,
2011-05-21,10643.691,Historical,,,
2011-05-22,225.89,Historical,,,
2011-05-23,6533.044,Historical,,,
2011-05-24,10474.0216,Historical,,,
2011-05-25,3042.062,Historical,,,
2011-05-26,5963.665,Historical,,,
2011-05-27,5867.767,Historical,,,
2011-05-28,2104.2679,Historical,,,
2011-05-30,8638.3231,Historical,,,
2011-05-31,8409.74388,Historical,,,
2011-06-01,11480.4927,Historical,,,
2011-06-02,12516.5933,Historical,,,
2011-06-03,11349.365,Historical,,,
2011-06-04,1924.083,Historical,,,
2011-06-05,1139.34,Historical,,,
2011-06-06,10266.1,Historical,,,
2011-06-07,16750.66916,Historical,,,
2011-06-08,9526.7146,Historical,,,
2011-06-09,10247.062,Historical,,,
2011-06-10,5473.2366,Historical,,,
2011-06-11,3161.302,Historical,,,
2011-06-12,37.464,Historical,,,
2011-06-13,6576.14576,Historical,,,
2011-06-14,4947.3435,Historical,,,
2011-06-15,6110.8755,Historical,,,
2011-06-16,4009.489,Historical,,,
2011-06-17,14495.52216,Historical,,,
2011-06-18,5516.986,Historical,,,
2011-06-19,57.9,Historical,,,
2011-06-20,8528.58376,Historical,,,
2011-06-21,8718.351,Historical,,,
2011-06-22,19196.0446,Historical,,,
2011-06-23,3133.561,Historical,,,
2011-06-24,5390.39244,Historical,,,
2011-06-25,5901.02814,Historical,,,
2011-06-26,1269.252,Historical,,,
2011-06-27,6654.4935000000005,Historical,,,
2011-06-28,7198.3968,Historical,,,
2011-06-29,8332.532299999999,Historical,,,
2011-06-30,5298.0604,Historical,,,
2011-07-01,3844.656,Historical,,,
2011-07-02,388.955,Historical,,,
2011-07-04,1982.4309,Historical,,,
2011-07-05,3723.7455,Historical,,,
2011-07-06,3773.45656,Historical,,,
2011-07-07,4855.94512,Historical,,,
2011-07-08,3385.266,Historical,,,
2011-07-09,2023.079,Historical,,,
2011-07-11,5228.10488,Historical,,,
2011-07-12,5227.161,Historical,,,
2011-07-13,1940.142,Historical,,,
2011-07-14,3035.146,Historical,,,
2011-07-15,933.7476,Historical,,,
2011-07-16,3626.502,Historical,,,
2011-07-17,355.0,Historical,,,
2011-07-18,5443.5756,Historical,,,
2011-07-19,4766.4048,Historical,,,
2011-07-20,7975.5875,Historical,,,
2011-07-21,6100.88292,Historical,,,
2011-07-22,3074.46,Historical,,,
2011-07-23,3859.0052,Historical,,,
2011-07-24,101.48,Historical,,,
2011-07-25,12335.772,Historical,,,
2011-07-26,7916.3664,Historical,,,
2011-07-27,9804.38074,Historical,,,
2011-07-28,3210.4893,Historical,,,
2011-07-29,1917.4847,Historical,,,
2011-07-30,4205.2388,Historical,,,
2011-07-31,475.9536,Historical,,,
2011-08-01,6769.1215,Historical,,,
2011-08-02,5344.5065,Historical,,,
2011-08-03,10667.9764,Historical,,,
2011-08-04,13623.4015,Historical,,,
2011-08-05,5711.4464,Historical,,,
2011-08-06,1072.596,Historical,,,
2011-08-07,37.86,Historical,,,
2011-08-08,8099.047,Historical,,,
2011-08-09,13284.498,Historical,,,
2011-08-10,13151.891,Historical,,,
2011-08-11,7410.921,Historical,,,
2011-08-12,8969.5969,Historical,,,
2011-08-13,2603.052,Historical,,,
2011-08-15,6933.398,Historical,,,
2011-08-16,13436.1683,Historical,,,
2011-08-17,6625.604,Historical,,,
2011-08-18,9052.81576,Historical,,,
2011-08-19,10154.613,Historical,,,
2011-08-20,3032.602,Historical,,,
2011-08-21,2995.5723,Historical,,,
2011-08-22,5180.47692,Historical,,,
2011-08-23,3310.35,Historical,,,
2011-08-24,5164.88392,Historical,,,
2011-08-25,9633.2171,Historical,,,
2011-08-26,8122.276199999999,Historical,,,
2011-08-27,5397.358,Historical,,,
2011-08-29,7613.06082,Historical,,,
2011-08-30,8905.7286,Historical,,,
2011-08-31,5277.4521,Historical,,,
2011-09-01,7250.914,Historical,,,
2011-09-02,14364.1468,Historical,,,
2011-09-03,813.54,Historical,,,
2011-09-05,4149.8752,Historical,,,
2011-09-06,10296.67936,Historical,,,
2011-09-07,6333.653,Historical,,,
2011-09-08,36827.74592,Historical,,,
2011-09-09,11577.03568,Historical,,,
2011-09-10,3268.4308,Historical,,,
2011-09-11,1367.97,Historical,,,
2011-09-12,14077.43268,Historical,,,
2011-09-13,6391.793,Historical,,,
2011-09-14,17720.99818,Historical,,,
2011-09-15,10736.1766,Historical,,,
2011-09-16,5407.0809,Historical,,,
2011-09-17,2466.335,Historical,,,
2011-09-18,750.24,Historical,,,
2011-09-19,16203.33736,Historical,,,
2011-09-20,13651.3334,Historical,,,
2011-09-21,9810.8032,Historical,,,
2011-09-22,9066.5295,Historical,,,
2011-09-23,23866.899,Historical,,,
2011-09-24,4393.344,Historical,,,
2011-09-25,6371.5808,Historical,,,
2011-09-26,8477.011340000001,Historical,,,
2011-09-27,15354.15488,Historical,,,
2011-09-28,11437.54184,Historical,,,
2011-09-29,11746.71,Historical,,,
2011-09-30,6035.1629,Historical,,,
2011-10-01,1624.20712,Historical,,,
2011-10-02,598.144,Historical,,,
2011-10-03,8662.521279999999,Historical,,,
2011-10-04,8180.71572,Historical,,,
2011-10-05,2596.1845000000003,Historical,,,
2011-10-06,17181.1931,Historical,,,
2011-10-07,11291.24992,Historical,,,
2011-10-08,3840.9008,Historical,,,
2011-10-09,249.36,Historical,,,
2011-10-10,7857.7148,Historical,,,
2011-10-11,2025.2895,Historical,,,
2011-10-12,4656.312,Historical,,,
2011-10-13,9798.95798,Historical,,,
2011-10-14,14453.2311,Historical,,,
2011-10-15,8231.75672,Historical,,,
2011-10-16,1364.09648,Historical,,,
2011-10-17,5983.01866,Historical,,,
2011-10-18,8290.87736,Historical,,,
2011-10-19,8883.0806,Historical,,,
2011-10-20,7524.2985,Historical,,,
2011-10-21,7271.4774,Historical,,,
2011-10-22,4953.816,Historical,,,
2011-10-24,4550.677,Historical,,,
2011-10-25,4802.985,Historical,,,
2011-10-26,8069.4229,Historical,,,
2011-10-27,17289.6859,Historical,,,
2011-10-28,5778.5817,Historical,,,
2011-10-29,5022.808,Historical,,,
2011-10-30,133.26,Historical,,,
2011-10-31,7905.44,Historical,,,
2011-11-01,18667.51056,Historical,,,
2011-11-02,8691.009,Historical,,,
2011-11-03,19275.0876,Historical,,,
2011-11-04,18652.758,Historical,,,
2011-11-05,10385.6998,Historical,,,
2011-11-06,1555.6215,Historical,,,
2011-11-07,13232.5699,Historical,,,
2011-11-08,4292.2318,Historical,,,
2011-11-09,12155.4545,Historical,,,
2011-11-10,10174.022,Historical,,,
2011-11-11,24402.39878,Historical,,,
2011-11-12,4232.5592,Historical,,,
2011-11-13,345.76,Historical,,,
2011-11-14,12537.5958,Historical,,,
2011-11-15,10494.6696,Historical,,,
2011-11-16,8008.8932,Historical,,,
2011-11-17,14062.8082,Historical,,,
2011-11-18,13514.9344,Historical,,,
2011-11-19,9876.244,Historical,,,
2011-11-20,975.0,Historical,,,
2011-11-21,5411.8640000000005,Historical,,,
2011-11-22,9528.56168,Historical,,,
2011-11-23,8510.63296,Historical,,,
2011-11-24,10785.4121,Historical,,,
2011-11-25,18118.76232,Historical,,,
2011-11-26,6403.18,Historical,,,
2011-11-27,302.75,Historical,,,
2011-11-28,9289.64072,Historical,,,
2011-11-29,8444.3224,Historical,,,
2011-11-30,6168.5835,Historical,,,
2011-12-01,14118.3252,Historical,,,
2011-12-02,7294.181,Historical,,,
2011-12-03,9013.2148,Historical,,,
2011-12-04,615.1999999999999,Historical,,,
2011-12-05,10388.71264,Historical,,,
2011-12-06,12460.3335,Historical,,,
2011-12-07,10246.562,Historical,,,
2011-12-08,13338.5575,Historical,,,
2011-12-09,14316.2024,Historical,,,
2011-12-10,5847.5503,Historical,,,
2011-12-11,796.63504,Historical,,,
2011-12-12,10224.35358,Historical,,,
2011-12-13,14356.21064,Historical,,,
2011-12-14,14350.1541,Historical,,,
2011-12-15,15078.048,Historical,,,
2011-12-16,14190.5144,Historical,,,
2011-12-17,13732.1394,Historical,,,
2011-12-19,10801.10436,Historical,,,
2011-12-20,21881.9314,Historical,,,
2011-12-21,13003.04024,Historical,,,
2011-12-22,12810.8913,Historical,,,
2011-12-23,10609.91348,Historical,,,
2011-12-24,9788.526,Historical,,,
2011-12-25,539.2235000000001,Historical,,,
2011-12-26,14832.9215,Historical,,,
2011-12-27,15140.1727,Historical,,,
2011-12-28,18801.06272,Historical,,,
2011-12-29,10904.2029,Historical,,,
2011-12-30,6705.187,Historical,,,
2011-12-31,7740.663,Historical,,,
2012-01-02,10006.6647,Historical,,,
2012-01-03,3453.3043,Historical,,,
2012-01-04,2617.8439,Historical,,,
2012-01-05,5662.225,Historical,,,
2012-01-06,544.514,Historical,,,
2012-01-07,3699.814,Historical,,,
2012-01-08,2176.452,Historical,,,
2012-01-09,3598.28,Historical,,,
2012-01-10,6298.249,Historical,,,
2012-01-11,8259.467999999999,Historical,,,
2012-01-12,8385.098,Historical,,,
2012-01-13,7106.17,Historical,,,
2012-01-14,2041.023,Historical,,,
2012-01-16,8370.402,Historical,,,
2012-01-17,6562.9130000000005,Historical,,,
2012-01-18,4541.032,Historical,,,
2012-01-19,3370.9544,Historical,,,
2012-01-20,3578.8797,Historical,,,
2012-01-21,1382.57,Historical,,,
2012-01-22,1493.13,Historical,,,
2012-01-23,9669.3469,Historical,,,
2012-01-24,3226.72,Historical,,,
2012-01-25,3514.215,Historical,,,
2012-01-26,3413.5885,Historical,,,
2012-01-27,9422.532,Historical,,,
2012-01-28,7629.48984,Historical,,,
2012-01-29,876.66,Historical,,,
2012-01-30,3633.518,Historical,,,
2012-01-31,1245.663,Historical,,,
2012-02-01,1655.2549,Historical,,,
2012-02-02,11630.772,Historical,,,
2012-02-03,957.816,Historical,,,
2012-02-04,4976.20924,Historical,,,
2012-02-05,396.84,Historical,,,
2012-02-06,8730.321,Historical,,,
2012-02-07,4020.95,Historical,,,
2012-02-08,2318.80634,Historical,,,
2012-02-09,4527.562,Historical,,,
2012-02-10,3683.7683,Historical,,,
2012-02-11,203.928,Historical,,,
2012-02-12,156.54,Historical,,,
2012-02-13,4968.7556,Historical,,,
2012-02-14,4814.3652,Historical,,,
2012-02-15,5439.31,Historical,,,
2012-02-16,1259.6346,Historical,,,
2012-02-17,1518.394,Historical,,,
2012-02-18,5537.5228,Historical,,,
2012-02-19,175.8,Historical,,,
2012-02-20,2677.594,Historical,,,
2012-02-21,4677.513,Historical,,,
2012-02-22,2871.958,Historical,,,
2012-02-23,4379.1315,Historical,,,
2012-02-24,3960.5175,Historical,,,
2012-02-25,3307.15,Historical,,,
2012-02-27,7574.48,Historical,,,
2012-02-28,3048.877,Historical,,,
2012-02-29,1040.446,Historical,,,
2012-03-01,3912.28452,Historical,,,
2012-03-02,10722.62,Historical,,,
2012-03-03,625.0500000000001,Historical,,,
2012-03-05,8252.424,Historical,,,
2012-03-06,5920.861,Historical,,,
2012-03-07,8466.048999999999,Historical,,,
2012-03-08,4857.2925,Historical,,,
2012-03-09,3455.53676,Historical,,,
2012-03-10,1169.653,Historical,,,
2012-03-11,381.84,Historical,,,
2012-03-12,4087.2451,Historical,,,
2012-03-13,4668.912499999999,Historical,,,
2012-03-14,5567.204900000001,Historical,,,
2012-03-15,7147.5432,Historical,,,
2012-03-16,13257.4236,Historical,,,
2012-03-17,538.503,Historical,,,
2012-03-19,11459.7256,Historical,,,
2012-03-20,17842.2938,Historical,,,
2012-03-21,4297.802,Historical,,,
2012-03-22,5868.942,Historical,,,
2012-03-23,3936.5048,Historical,,,
2012-03-24,1816.809,Historical,,,
2012-03-26,8993.664999999999,Historical,,,
2012-03-27,7167.215,Historical,,,
2012-03-28,4451.0828,Historical,,,
2012-03-29,7350.868,Historical,,,
2012-03-30,3309.65608,Historical,,,
2012-03-31,3551.764,Historical,,,
2012-04-01,510.8958,Historical,,,
2012-04-02,4606.772,Historical,,,
2012-04-03,2207.699,Historical,,,
2012-04-04,2904.12448,Historical,,,
2012-04-05,9765.98048,Historical,,,
2012-04-06,7148.48124,Historical,,,
2012-04-07,6394.754,Historical,,,
2012-04-09,3254.542,Historical,,,
2012-04-10,3481.707,Historical,,,
2012-04-11,5853.7588,Historical,,,
2012-04-12,3760.98448,Historical,,,
2012-04-13,10056.3505,Historical,,,
2012-04-14,9265.29444,Historical,,,
2012-04-15,493.056,Historical,,,
2012-04-16,14554.1235,Historical,,,
2012-04-17,5026.78624,Historical,,,
2012-04-18,8079.10186,Historical,,,
2012-04-19,7687.61226,Historical,,,
2012-04-20,6559.79606,Historical,,,
2012-04-21,1608.866,Historical,,,
2012-04-22,6675.234,Historical,,,
2012-04-23,2668.28288,Historical,,,
2012-04-24,3334.9658,Historical,,,
2012-04-25,9519.889,Historical,,,
2012-04-26,5788.4155,Historical,,,
2012-04-27,6079.78824,Historical,,,
2012-04-28,7614.46296,Historical,,,
2012-04-29,427.688,Historical,,,
2012-04-30,5722.857,Historical,,,
2012-05-01,3648.9454,Historical,,,
2012-05-02,2318.871,Historical,,,
2012-05-03,5683.18706,Historical,,,
2012-05-04,10824.71712,Historical,,,
2012-05-05,1394.5904,Historical,,,
2012-05-06,1149.10868,Historical,,,
2012-05-07,11200.05968,Historical,,,
2012-05-08,10824.805,Historical,,,
2012-05-09,6777.641,Historical,,,
2012-05-10,8658.9026,Historical,,,
2012-05-11,10523.35952,Historical,,,
2012-05-12,3610.662,Historical,,,
2012-05-13,312.45399999999995,Historical,,,
2012-05-14,6948.14426,Historical,,,
2012-05-15,10569.8106,Historical,,,
2012-05-16,8159.34952,Historical,,,
2012-05-17,8386.745,Historical,,,
2012-05-18,5269.476,Historical,,,
2012-05-19,855.705,Historical,,,
2012-05-20,169.54399999999998,Historical,,,
2012-05-21,6140.5833,Historical,,,
2012-05-22,9831.9655,Historical,,,
2012-05-23,8572.9015,Historical,,,
2012-05-24,9347.2105,Historical,,,
2012-05-25,12591.215,Historical,,,
2012-05-26,2945.4518,Historical,,,
2012-05-27,11.448,Historical,,,
2012-05-28,9209.7715,Historical,,,
2012-05-29,9657.818,Historical,,,
2012-05-30,5710.8698,Historical,,,
2012-05-31,17059.5785,Historical,,,
2012-06-01,9042.4255,Historical,,,
2012-06-02,6164.8454,Historical,,,
2012-06-03,178.146,Historical,,,
2012-06-04,7132.72206,Historical,,,
2012-06-05,11513.6761,Historical,,,
2012-06-06,8813.03,Historical,,,
2012-06-07,7109.7135,Historical,,,
2012-06-08,9397.2354,Historical,,,
2012-06-09,3934.5448,Historical,,,
2012-06-10,3240.8355,Historical,,,
2012-06-11,13400.62562,Historical,,,
2012-06-12,11955.748,Historical,,,
2012-06-13,9580.44396,Historical,,,
2012-06-14,6869.472,Historical,,,
2012-06-15,6557.09416,Historical,,,
2012-06-16,13218.0525,Historical,,,
2012-06-17,1087.416,Historical,,,
2012-06-18,14119.3497,Historical,,,
2012-06-19,15135.0835,Historical,,,
2012-06-20,13716.881,Historical,,,
2012-06-21,11013.1022,Historical,,,
2012-06-22,11806.3416,Historical,,,
2012-06-23,5459.08,Historical,,,
2012-06-24,331.57,Historical,,,
2012-06-25,15915.4079,Historical,,,
2012-06-26,9251.33102,Historical,,,
2012-06-27,9843.5155,Historical,,,
2012-06-28,4771.254,Historical,,,
2012-06-29,12080.7765,Historical,,,
2012-06-30,3535.9790000000003,Historical,,,
2012-07-01,2542.08,Historical,,,
2012-07-02,4707.2877,Historical,,,
2012-07-03,6684.9445,Historical,,,
2012-07-04,9367.307,Historical,,,
2012-07-05,3103.06054,Historical,,,
2012-07-06,8492.15192,Historical,,,
2012-07-07,4382.91,Historical,,,
2012-07-08,33.984,Historical,,,
2012-07-09,5109.27364,Historical,,,
2012-07-10,2585.2245,Historical,,,
2012-07-11,9034.24296,Historical,,,
2012-07-12,5471.2080000000005,Historical,,,
2012-07-13,8228.9015,Historical,,,
2012-07-14,3906.4185,Historical,,,
2012-07-15,26.892,Historical,,,
2012-07-16,7015.9315,Historical,,,
2012-07-17,4968.6812,Historical,,,
2012-07-18,6272.59914,Historical,,,
2012-07-19,1634.973,Historical,,,
2012-07-20,7687.442,Historical,,,
2012-07-21,1752.60416,Historical,,,
2012-07-23,8516.752,Historical,,,
2012-07-24,5628.17846,Historical,,,
2012-07-25,6362.431,Historical,,,
2012-07-26,4225.54664,Historical,,,
2012-07-27,4140.50776,Historical,,,
2012-07-28,1348.761,Historical,,,
2012-07-29,42.82,Historical,,,
2012-07-30,5247.402,Historical,,,
2012-07-31,6716.2685,Historical,,,
2012-08-01,12391.7964,Historical,,,
2012-08-02,17671.6471,Historical,,,
2012-08-03,20849.17662,Historical,,,
2012-08-04,1388.094,Historical,,,
2012-08-05,2078.969,Historical,,,
2012-08-06,7336.64898,Historical,,,
2012-08-07,9290.4067,Historical,,,
2012-08-08,8976.3498,Historical,,,
2012-08-09,12666.19216,Historical,,,
2012-08-10,15656.0786,Historical,,,
2012-08-11,1506.948,Historical,,,
2012-08-12,691.905,Historical,,,
2012-08-13,5722.6392000000005,Historical,,,
2012-08-14,14003.468,Historical,,,
2012-08-15,6844.232,Historical,,,
2012-08-16,16138.6797,Historical,,,
2012-08-17,9297.289,Historical,,,
2012-08-18,6422.0311,Historical,,,
2012-08-19,33.96,Historical,,,
2012-08-20,17934.2388,Historical,,,
2012-08-21,6849.497,Historical,,,
2012-08-22,9683.2125,Historical,,,
2012-08-23,10801.219,Historical,,,
2012-08-24,19841.9538,Historical,,,
2012-08-25,2598.43652,Historical,,,
2012-08-26,2258.204,Historical,,,
2012-08-27,10458.086,Historical,,,
2012-08-28,16827.2455,Historical,,,
2012-08-29,15279.03,Historical,,,
2012-08-30,7040.725,Historical,,,
2012-08-31,14604.5829,Historical,,,
2012-09-01,5592.234,Historical,,,
2012-09-02,2085.825,Historical,,,
2012-09-03,11086.86004,Historical,,,
2012-09-04,10733.8545,Historical,,,
2012-09-05,9362.82758,Historical,,,
2012-09-06,15371.87288,Historical,,,
2012-09-07,13642.547,Historical,,,
2012-09-08,2771.991,Historical,,,
2012-09-09,3305.814,Historical,,,
2012-09-10,15473.2303,Historical,,,
2012-09-11,7064.7848,Historical,,,
2012-09-12,6633.672,Historical,,,
2012-09-13,13354.7745,Historical,,,
2012-09-14,15244.3752,Historical,,,
2012-09-15,9837.13896,Historical,,,
2012-09-16,1262.479,Historical,,,
2012-09-17,16867.1433,Historical,,,
2012-09-18,17579.18578,Historical,,,
2012-09-19,5124.1720000000005,Historical,,,
2012-09-20,17701.159,Historical,,,
2012-09-21,14294.02724,Historical,,,
2012-09-22,5308.2784,Historical,,,
2012-09-23,414.0,Historical,,,
2012-09-24,15315.2837,Historical,,,
2012-09-25,9277.6129,Historical,,,
2012-09-26,10443.35316,Historical,,,
2012-09-27,11331.2322,Historical,,,
2012-09-28,14806.4319,Historical,,,
2012-09-29,7434.0533,Historical,,,
2012-09-30,668.952,Historical,,,
2012-10-01,14903.2949,Historical,,,
2012-10-02,6724.599200000001,Historical,,,
2012-10-03,9909.529,Historical,,,
2012-10-04,8740.8626,Historical,,,
2012-10-05,16411.95278,Historical,,,
2012-10-06,4668.3783,Historical,,,
2012-10-07,96.0,Historical,,,
2012-10-08,5035.7308,Historical,,,
2012-10-09,8865.54108,Historical,,,
2012-10-10,9466.34074,Historical,,,
2012-10-11,11847.6165,Historical,,,
2012-10-12,10974.386,Historical,,,
2012-10-13,6026.056,Historical,,,
2012-10-14,98.44,Historical,,,
2012-10-15,15018.71396,Historical,,,
2012-10-16,4260.59174,Historical,,,
2012-10-17,14582.22988,Historical,,,
2012-10-18,5181.936,Historical,,,
2012-10-19,11176.505,Historical,,,
2012-10-20,4861.925,Historical,,,
2012-10-21,154.77,Historical,,,
2012-10-22,6701.6292,Historical,,,
2012-10-23,8751.5916,Historical,,,
2012-10-24,11084.47944,Historical,,,
2012-10-25,17693.51938,Historical,,,
2012-10-26,5812.545,Historical,,,
2012-10-27,7347.9572,Historical,,,
2012-10-28,272.54,Historical,,,
2012-10-29,6812.0098,Historical,,,
2012-10-30,12020.5466,Historical,,,
2012-10-31,7437.6325,Historical,,,
2012-11-01,11949.44772,Historical,,,
2012-11-02,18487.45014,Historical,,,
2012-11-03,5840.65864,Historical,,,
2012-11-04,820.52,Historical,,,
2012-11-05,12281.2284,Historical,,,
2012-11-06,5124.82818,Historical,,,
2012-11-07,10643.96774,Historical,,,
2012-11-08,28561.16,Historical,,,
2012-11-09,12353.3231,Historical,,,
2012-11-10,15566.35992,Historical,,,
2012-11-11,1546.368,Historical,,,
2012-11-12,11421.689,Historical,,,
2012-11-13,25621.95062,Historical,,,
2012-11-14,10203.80838,Historical,,,
2012-11-15,15137.6561,Historical,,,
2012-11-16,16249.1847,Historical,,,
2012-11-17,6542.9490000000005,Historical,,,
2012-11-18,178.2,Historical,,,
2012-11-19,7551.5076,Historical,,,
2012-11-20,16073.9935,Historical,,,
2012-11-21,12834.0034,Historical,,,
2012-11-22,7020.19,Historical,,,
2012-11-23,13101.7573,Historical,,,
2012-11-24,7935.704,Historical,,,
2012-11-25,385.684,Historical,,,
2012-11-26,6162.062,Historical,,,
2012-11-27,10679.3206,Historical,,,
2012-11-28,13772.07346,Historical,,,
2012-11-29,10128.2258,Historical,,,
2012-11-30,9337.1456,Historical,,,
2012-12-01,15573.4269,Historical,,,
2012-12-02,282.348,Historical,,,
2012-12-03,22906.4414,Historical,,,
2012-12-04,16801.13678,Historical,,,
2012-12-05,6986.34436,Historical,,,
2012-12-06,11697.425,Historical,,,
2012-12-07,11723.7461,Historical,,,
2012-12-08,4077.124,Historical,,,
2012-12-09,2455.9500000000003,Historical,,,
2012-12-10,8745.13128,Historical,,,
2012-12-11,12184.6973,Historical,,,
2012-12-12,7409.1392,Historical,,,
2012-12-13,16506.5184,Historical,,,
2012-12-14,5520.3778,Historical,,,
2012-12-15,11397.998,Historical,,,
2012-12-16,2137.68,Historical,,,
2012-12-17,13440.209,Historical,,,
2012-12-18,7509.477,Historical,,,
2012-12-19,22433.19732,Historical,,,
2012-12-20,20077.66394,Historical,,,
2012-12-21,10490.67876,Historical,,,
2012-12-22,5545.725,Historical,,,
2012-12-23,606.02,Historical,,,
2012-12-24,15731.13084,Historical,,,
2012-12-25,21570.6031,Historical,,,
2012-12-26,16941.769519999998,Historical,,,
2012-12-27,15327.6531,Historical,,,
2012-12-28,14815.1683,Historical,,,
2012-12-29,1870.5078,Historical,,,
2012-12-30,4823.094,Historical,,,
2012-12-31,10668.5844,Historical,,,
2013-01-01,9369.153,Historical,,,
2013-01-02,11613.8956,Historical,,,
2013-01-03,5790.969,Historical,,,
2013-01-04,16266.57344,Historical,,,
2013-01-05,5795.9995,Historical,,,
2013-01-06,98.96,Historical,,,
2013-01-07,12466.376,Historical,,,
2013-01-08,6649.573,Historical,,,
2013-01-09,4550.418,Historical,,,
2013-01-10,7617.9429,Historical,,,
2013-01-11,4942.5665,Historical,,,
2013-01-12,7543.6876,Historical,,,
2013-01-13,46.116,Historical,,,
2013-01-14,2583.10538,Historical,,,
2013-01-15,7600.389999999999,Historical,,,
2013-01-16,4987.9172,Historical,,,
2013-01-17,3968.6696,Historical,,,
2013-01-18,7588.74316,Historical,,,
2013-01-19,5773.737999999999,Historical,,,
2013-01-20,2252.55,Historical,,,
2013-01-21,11124.019,Historical,,,
2013-01-22,6085.718,Historical,,,
2013-01-23,5145.696,Historical,,,
2013-01-24,2210.3428,Historical,,,
2013-01-25,8421.979000000001,Historical,,,
2013-01-26,1176.5256,Historical,,,
2013-01-27,1290.42,Historical,,,
2013-01-28,12537.8485,Historical,,,
2013-01-29,9020.703,Historical,,,
2013-01-30,6866.5544,Historical,,,
2013-01-31,7798.7572,Historical,,,
2013-02-01,3303.96156,Historical,,,
2013-02-02,11259.02264,Historical,,,
2013-02-03,1204.71,Historical,,,
2013-02-04,1414.609,Historical,,,
2013-02-05,18217.84608,Historical,,,
2013-02-06,8925.3719,Historical,,,
2013-02-07,8287.905,Historical,,,
2013-02-08,9333.5721,Historical,,,
2013-02-09,5124.833,Historical,,,
2013-02-10,997.719,Historical,,,
2013-02-11,8821.35362,Historical,,,
2013-02-12,6532.916,Historical,,,
2013-02-13,3511.6102,Historical,,,
2013-02-14,5786.87468,Historical,,,
2013-02-15,3596.835,Historical,,,
2013-02-16,3844.527,Historical,,,
2013-02-18,12446.434,Historical,,,
2013-02-19,7327.4245,Historical,,,
2013-02-20,4248.398,Historical,,,
2013-02-21,4173.247,Historical,,,
2013-02-22,8363.59,Historical,,,
2013-02-23,1928.082,Historical,,,
2013-02-25,5845.52872,Historical,,,
2013-02-26,5315.825,Historical,,,
2013-02-27,15505.1614,Historical,,,
2013-02-28,1922.293,Historical,,,
2013-03-01,6597.06804,Historical,,,
2013-03-02,7286.518,Historical,,,
2013-03-03,444.8958,Historical,,,
2013-03-04,15417.512,Historical,,,
2013-03-05,8917.34268,Historical,,,
2013-03-06,6954.35032,Historical,,,
2013-03-07,3656.2319,Historical,,,
2013-03-08,9786.367,Historical,,,
2013-03-09,2424.0645600000003,Historical,,,
2013-03-10,635.6,Historical,,,
2013-03-11,18502.21736,Historical,,,
2013-03-12,5184.498,Historical,,,
2013-03-13,11326.8795,Historical,,,
2013-03-14,11487.989,Historical,,,
2013-03-15,6026.35208,Historical,,,
2013-03-16,3828.16,Historical,,,
2013-03-17,35.34,Historical,,,
2013-03-18,7049.69856,Historical,,,
2013-03-19,8508.0787,Historical,,,
2013-03-20,8830.2609,Historical,,,
2013-03-21,4664.94124,Historical,,,
2013-03-22,2700.9167,Historical,,,
2013-03-23,9343.8875,Historical,,,
2013-03-24,193.24,Historical,,,
2013-03-25,6929.8997,Historical,,,
2013-03-26,3764.6951,Historical,,,
2013-03-27,8676.10938,Historical,,,
2013-03-28,3555.3726,Historical,,,
2013-03-29,10828.672,Historical,,,
2013-03-30,4669.2935,Historical,,,
2013-03-31,367.578,Historical,,,
2013-04-01,5679.585,Historical,,,
2013-04-02,10219.9645,Historical,,,
2013-04-03,5294.4016,Historical,,,
2013-04-04,3970.899,Historical,,,
2013-04-05,8882.754500000001,Historical,,,
2013-04-06,3030.1485,Historical,,,
2013-04-07,2496.13,Historical,,,
2013-04-08,7426.4559,Historical,,,
2013-04-09,10098.59432,Historical,,,
2013-04-10,6461.4648,Historical,,,
2013-04-11,3486.196,Historical,,,
2013-04-12,8453.2346,Historical,,,
2013-04-13,3538.985,Historical,,,
2013-04-14,1176.06,Historical,,,
2013-04-15,6550.78132,Historical,,,
2013-04-16,7757.19348,Historical,,,
2013-04-17,13408.671,Historical,,,
2013-04-18,7217.33408,Historical,,,
2013-04-19,5935.0134,Historical,,,
2013-04-20,5387.88944,Historical,,,
2013-04-22,2692.2856,Historical,,,
2013-04-23,8133.48504,Historical,,,
2013-04-24,3658.22,Historical,,,
2013-04-25,9208.55802,Historical,,,
2013-04-26,10916.00614,Historical,,,
2013-04-27,2222.706,Historical,,,
2013-04-29,3897.4987,Historical,,,
2013-04-30,10620.8009,Historical,,,
2013-05-01,11486.8388,Historical,,,
2013-05-02,1993.9131,Historical,,,
2013-05-03,10906.3059,Historical,,,
2013-05-04,7506.0037,Historical,,,
2013-05-05,1605.4199999999998,Historical,,,
2013-05-06,6345.916200000001,Historical,,,
2013-05-07,9004.9013,Historical,,,
2013-05-08,11563.1095,Historical,,,
2013-05-09,6235.9187,Historical,,,
2013-05-10,8156.05,Historical,,,
2013-05-11,6436.862,Historical,,,
2013-05-12,436.834,Historical,,,
2013-05-13,3520.26,Historical,,,
2013-05-14,10354.08486,Historical,,,
2013-05-15,8747.5656,Historical,,,
2013-05-16,14928.2762,Historical,,,
2013-05-17,8981.65684,Historical,,,
2013-05-18,2135.17784,Historical,,,
2013-05-19,832.8,Historical,,,
2013-05-20,4217.01962,Historical,,,
2013-05-21,10407.966,Historical,,,
2013-05-22,9609.7165,Historical,,,
2013-05-23,4886.85586,Historical,,,
2013-05-24,22700.50344,Historical,,,
2013-05-25,3839.1047,Historical,,,
2013-05-26,1364.89,Historical,,,
2013-05-27,11794.5539,Historical,,,
2013-05-28,17001.1588,Historical,,,
2013-05-29,14578.93724,Historical,,,
2013-05-30,12983.5511,Historical,,,
2013-05-31,15936.413,Historical,,,
2013-06-01,8286.255,Historical,,,
2013-06-02,1710.822,Historical,,,
2013-06-03,11974.78,Historical,,,
2013-06-04,18446.54674,Historical,,,
2013-06-05,19053.6998,Historical,,,
2013-06-06,10820.2138,Historical,,,
2013-06-07,20571.80336,Historical,,,
2013-06-08,8766.2973,Historical,,,
2013-06-09,449.67,Historical,,,
2013-06-10,21924.19572,Historical,,,
2013-06-11,23931.94808,Historical,,,
2013-06-12,15274.13606,Historical,,,
2013-06-13,18579.1949,Historical,,,
2013-06-14,17450.4206,Historical,,,
2013-06-15,13960.01572,Historical,,,
2013-06-16,1241.248,Historical,,,
2013-06-17,20476.8394,Historical,,,
2013-06-18,20791.1896,Historical,,,
2013-06-19,10296.5126,Historical,,,
2013-06-20,10392.9283,Historical,,,
2013-06-21,11388.29308,Historical,,,
2013-06-22,3666.708,Historical,,,
2013-06-23,2961.438,Historical,,,
2013-06-24,24123.81282,Historical,,,
2013-06-25,22756.9316,Historical,,,
2013-06-26,12466.334,Historical,,,
2013-06-27,17975.07866,Historical,,,
2013-06-28,16550.22176,Historical,,,
2013-06-29,5627.047,Historical,,,
2013-06-30,4605.03,Historical,,,
2013-07-01,9508.07888,Historical,,,
2013-07-02,10953.62664,Historical,,,
2013-07-03,9431.70904,Historical,,,
2013-07-04,6050.2232,Historical,,,
2013-07-05,5129.5397,Historical,,,
2013-07-06,5712.55404,Historical,,,
2013-07-07,51.52,Historical,,,
2013-07-08,16834.878,Historical,,,
2013-07-09,5904.4355,Historical,,,
2013-07-10,10176.856,Historical,,,
2013-07-11,11002.6448,Historical,,,
2013-07-12,10501.20672,Historical,,,
2013-07-13,2029.715,Historical,,,
2013-07-14,2441.02352,Historical,,,
2013-07-15,10978.83828,Historical,,,
2013-07-16,10726.3773,Historical,,,
2013-07-17,5669.85686,Historical,,,
2013-07-18,4888.334,Historical,,,
2013-07-19,7928.4999,Historical,,,
2013-07-20,7852.508,Historical,,,
2013-07-21,89.95,Historical,,,
2013-07-22,14716.4437,Historical,,,
2013-07-23,8701.27792,Historical,,,
2013-07-24,4495.121,Historical,,,
2013-07-25,15506.9149,Historical,,,
2013-07-26,11296.7505,Historical,,,
2013-07-27,977.52,Historical,,,
2013-07-28,716.7330000000001,Historical,,,
2013-07-29,7271.4761,Historical,,,
2013-07-30,5760.467,Historical,,,
2013-07-31,6623.8725,Historical,,,
2013-08-01,15739.88888,Historical,,,
2013-08-02,9884.04422,Historical,,,
2013-08-03,4220.29,Historical,,,
2013-08-04,3406.9704,Historical,,,
2013-08-05,6754.5477,Historical,,,
2013-08-06,12377.637,Historical,,,
2013-08-07,12677.57344,Historical,,,
2013-08-08,6508.44688,Historical,,,
2013-08-09,9095.2398,Historical,,,
2013-08-10,4810.348,Historical,,,
2013-08-11,943.506,Historical,,,
2013-08-12,18109.25496,Historical,,,
2013-08-13,15315.0775,Historical,,,
2013-08-14,9339.94,Historical,,,
2013-08-15,18846.98,Historical,,,
2013-08-16,19199.20472,Historical,,,
2013-08-17,3204.735,Historical,,,
2013-08-18,24.072,Historical,,,
2013-08-19,13954.55488,Historical,,,
2013-08-20,11053.138,Historical,,,
2013-08-21,14644.5053,Historical,,,
2013-08-22,20914.6812,Historical,,,
2013-08-23,10338.4369,Historical,,,
2013-08-24,15632.6933,Historical,,,
2013-08-25,375.456,Historical,,,
2013-08-26,9247.405,Historical,,,
2013-08-27,21351.4685,Historical,,,
2013-08-28,11947.6502,Historical,,,
2013-08-29,9017.61244,Historical,,,
2013-08-30,8131.03264,Historical,,,
2013-08-31,9422.3985,Historical,,,
2013-09-01,365.308,Historical,,,
2013-09-02,12374.2472,Historical,,,
2013-09-03,22431.6059,Historical,,,
2013-09-04,14181.08688,Historical,,,
2013-09-05,17986.4125,Historical,,,
2013-09-06,14405.467,Historical,,,
2013-09-07,2432.237,Historical,,,
2013-09-08,1058.2104,Historical,,,
2013-09-09,15472.0449,Historical,,,
2013-09-10,16155.07586,Historical,,,
2013-09-11,12800.8402,Historical,,,
2013-09-12,17038.4505,Historical,,,
2013-09-13,12952.54494,Historical,,,
2013-09-14,20747.764,Historical,,,
2013-09-15,1840.928,Historical,,,
2013-09-16,20816.3305,Historical,,,
2013-09-17,16186.4583,Historical,,,
2013-09-18,6126.71094,Historical,,,
2013-09-19,21465.1807,Historical,,,
2013-09-20,23853.26708,Historical,,,
2013-09-21,14390.61452,Historical,,,
2013-09-22,164.61,Historical,,,
2013-09-23,4632.708,Historical,,,
2013-09-24,14077.28,Historical,,,
2013-09-25,18285.9016,Historical,,,
2013-09-26,17363.49584,Historical,,,
2013-09-27,11984.1713,Historical,,,
2013-09-28,7035.8718,Historical,,,
2013-09-29,997.918,Historical,,,
2013-09-30,16996.50382,Historical,,,
2013-10-01,7366.253,Historical,,,
2013-10-02,11091.91576,Historical,,,
2013-10-03,26325.29798,Historical,,,
2013-10-04,12945.0904,Historical,,,
2013-10-05,10810.0834,Historical,,,
2013-10-06,72.9204,Historical,,,
2013-10-07,7622.66046,Historical,,,
2013-10-08,9901.5372,Historical,,,
2013-10-09,14508.5563,Historical,,,
2013-10-10,5394.942,Historical,,,
2013-10-11,11738.0949,Historical,,,
2013-10-12,4575.07016,Historical,,,
2013-10-13,1156.0,Historical,,,
2013-10-14,9136.939,Historical,,,
2013-10-15,17727.9413,Historical,,,
2013-10-16,14027.94622,Historical,,,
2013-10-17,14107.5114,Historical,,,
2013-10-18,12939.4413,Historical,,,
2013-10-19,962.568,Historical,,,
2013-10-20,412.188,Historical,,,
2013-10-21,10370.9516,Historical,,,
2013-10-22,14937.47492,Historical,,,
2013-10-23,15583.325,Historical,,,
2013-10-24,3728.86576,Historical,,,
2013-10-25,7382.3006,Historical,,,
2013-10-26,2369.88172,Historical,,,
2013-10-27,1590.264,Historical,,,
2013-10-28,8588.956,Historical,,,
2013-10-29,12815.10846,Historical,,,
2013-10-30,13942.4152,Historical,,,
2013-10-31,9274.14244,Historical,,,
2013-11-01,20912.12782,Historical,,,
2013-11-02,3214.961,Historical,,,
2013-11-04,13808.27114,Historical,,,
2013-11-05,15754.074,Historical,,,
2013-11-06,16328.2569,Historical,,,
2013-11-07,8291.3617,Historical,,,
2013-11-08,13703.4378,Historical,,,
2013-11-09,10233.15192,Historical,,,
2013-11-10,479.97,Historical,,,
2013-11-11,19648.5191,Historical,,,
2013-11-12,8931.8481,Historical,,,
2013-11-13,19744.77918,Historical,,,
2013-11-14,10062.8955,Historical,,,
2013-11-15,20263.8765,Historical,,,
2013-11-16,7730.995,Historical,,,
2013-11-17,3740.296,Historical,,,
2013-11-18,12479.1843,Historical,,,
2013-11-19,24523.33794,Historical,,,
2013-11-20,5286.2659,Historical,,,
2013-11-21,9791.073,Historical,,,
2013-11-22,15233.32182,Historical,,,
2013-11-23,6812.498,Historical,,,
2013-11-24,3372.64564,Historical,,,
2013-11-25,16204.89612,Historical,,,
2013-11-26,20902.2293,Historical,,,
2013-11-27,14318.573,Historical,,,
2013-11-28,29925.34976,Historical,,,
2013-11-29,15182.30256,Historical,,,
2013-11-30,7108.8611,Historical,,,
2013-12-01,1364.885,Historical,,,
2013-12-02,15644.011,Historical,,,
2013-12-03,19735.465,Historical,,,
2013-12-04,17446.07442,Historical,,,
2013-12-05,6781.752,Historical,,,
2013-12-06,20781.3036,Historical,,,
2013-12-07,7412.277,Historical,,,
2013-12-08,383.68,Historical,,,
2013-12-09,12882.0841,Historical,,,
2013-12-10,16257.4905,Historical,,,
2013-12-11,18101.0833,Historical,,,
2013-12-12,18001.20684,Historical,,,
2013-12-13,9430.0595,Historical,,,
2013-12-14,4576.245919999999,Historical,,,
2013-12-15,1385.358,Historical,,,
2013-12-16,23018.6528,Historical,,,
2013-12-17,13433.86052,Historical,,,
2013-12-18,33934.3826,Historical,,,
2013-12-19,15151.203,Historical,,,
2013-12-20,22227.35348,Historical,,,
2013-12-21,3501.239,Historical,,,
2013-12-22,2333.24,Historical,,,
2013-12-23,15337.1411,Historical,,,
2013-12-24,15831.4899,Historical,,,
2013-12-25,11340.688,Historical,,,
2013-12-26,36435.14374,Historical,,,
2013-12-27,10278.3105,Historical,,,
2013-12-28,3553.0363,Historical,,,
2013-12-29,426.56,Historical,,,
2013-12-30,14292.38,Historical,,,
2013-12-31,14176.7209,Historical,,,
2014-01-01,3614.0345,Historical,,,
2014-01-02,4169.51614,Historical,,,
2014-01-03,11327.622,Historical,,,
2014-01-04,4705.2737,Historical,,,
2014-01-05,426.66,Historical,,,
2014-01-06,10840.6525,Historical,,,
2014-01-07,6201.1715,Historical,,,
2014-01-08,13412.551,Historical,,,
2014-01-09,9742.349,Historical,,,
2014-01-10,4202.1201,Historical,,,
2014-01-11,4428.555,Historical,,,
2014-01-12,74.376,Historical,,,
2014-01-13,5358.283,Historical,,,
2014-01-14,17297.8,Historical,,,
2014-01-15,6001.5883,Historical,,,
2014-01-16,11339.18734,Historical,,,
2014-01-17,14419.377,Historical,,,
2014-01-18,9690.959,Historical,,,
2014-01-19,194.04,Historical,,,
2014-01-20,11621.8767,Historical,,,
2014-01-21,8760.21228,Historical,,,
2014-01-22,12946.0991,Historical,,,
2014-01-23,6711.383,Historical,,,
2014-01-24,9327.464,Historical,,,
2014-01-25,7099.291,Historical,,,
2014-01-26,2073.1635,Historical,,,
2014-01-27,5229.7944,Historical,,,
2014-01-28,8557.4038,Historical,,,
2014-01-29,11461.767,Historical,,,
2014-01-30,7594.134,Historical,,,
2014-01-31,12439.8508,Historical,,,
2014-02-01,866.496,Historical,,,
2014-02-03,4501.0905,Historical,,,
2014-02-04,8190.8021,Historical,,,
2014-02-05,6322.965,Historical,,,
2014-02-06,7087.8438,Historical,,,
2014-02-07,11013.111,Historical,,,
2014-02-08,2330.52,Historical,,,
2014-02-09,127.89,Historical,,,
2014-02-10,11901.2469,Historical,,,
2014-02-11,12390.489,Historical,,,
2014-02-12,11209.1396,Historical,,,
2014-02-13,9613.0997,Historical,,,
2014-02-14,11483.1528,Historical,,,
2014-02-15,2606.401,Historical,,,
2014-02-16,412.38,Historical,,,
2014-02-17,10506.711,Historical,,,
2014-02-18,9960.8885,Historical,,,
2014-02-19,6749.0554,Historical,,,
2014-02-20,6909.839,Historical,,,
2014-02-21,8022.3259,Historical,,,
2014-02-22,2684.94,Historical,,,
2014-02-23,753.711,Historical,,,
2014-02-24,8064.3712,Historical,,,
2014-02-25,6739.635,Historical,,,
2014-02-26,4574.0988,Historical,,,
2014-02-27,10045.579,Historical,,,
2014-02-28,9769.57336,Historical,,,
2014-03-01,2913.32268,Historical,,,
2014-03-02,613.053,Historical,,,
2014-03-03,4703.6428,Historical,,,
2014-03-04,11929.4062,Historical,,,
2014-03-05,6783.227,Historical,,,
2014-03-06,7211.671,Historical,,,
2014-03-07,4784.565,Historical,,,
2014-03-08,3177.406,Historical,,,
2014-03-09,882.46,Historical,,,
2014-03-10,5362.4368,Historical,,,
2014-03-11,12587.338,Historical,,,
2014-03-12,9031.6962,Historical,,,
2014-03-13,6264.615,Historical,,,
2014-03-14,14090.9675,Historical,,,
2014-03-15,9022.7951,Historical,,,
2014-03-16,68.824,Historical,,,
2014-03-17,20497.38044,Historical,,,
2014-03-18,11182.05488,Historical,,,
2014-03-19,12634.701,Historical,,,
2014-03-20,9521.114,Historical,,,
2014-03-21,9052.518,Historical,,,
2014-03-22,8990.949,Historical,,,
2014-03-23,240.45,Historical,,,
2014-03-24,23864.2445,Historical,,,
2014-03-25,8008.5238,Historical,,,
2014-03-26,17628.17776,Historical,,,
2014-03-27,15203.49464,Historical,,,
2014-03-28,10960.88032,Historical,,,
2014-03-29,1731.742,Historical,,,
2014-03-30,251.86,Historical,,,
2014-03-31,13905.256,Historical,,,
2014-04-01,12109.7813,Historical,,,
2014-04-02,14932.88022,Historical,,,
2014-04-03,9184.2577,Historical,,,
2014-04-04,2807.2174,Historical,,,
2014-04-05,1767.8156,Historical,,,
2014-04-06,1151.547,Historical,,,
2014-04-07,11079.1493,Historical,,,
2014-04-08,7562.3715,Historical,,,
2014-04-09,16025.2166,Historical,,,
2014-04-10,8510.58544,Historical,,,
2014-04-11,8917.33408,Historical,,,
2014-04-12,5151.339,Historical,,,
2014-04-13,1890.072,Historical,,,
2014-04-14,12465.567,Historical,,,
2014-04-15,11623.83186,Historical,,,
2014-04-16,15246.71254,Historical,,,
2014-04-17,11517.0725,Historical,,,
2014-04-18,8721.1766,Historical,,,
2014-04-19,1880.865,Historical,,,
2014-04-20,1073.979,Historical,,,
2014-04-21,13644.6222,Historical,,,
2014-04-22,7244.557,Historical,,,
2014-04-23,7784.17092,Historical,,,
2014-04-24,10634.0821,Historical,,,
2014-04-25,5870.732,Historical,,,
2014-04-26,5624.4665,Historical,,,
2014-04-27,1084.3236,Historical,,,
2014-04-28,13019.0336,Historical,,,
2014-04-29,4531.0222,Historical,,,
2014-04-30,9716.07954,Historical,,,
2014-05-01,10075.2904,Historical,,,
2014-05-02,10095.5512,Historical,,,
2014-05-03,2956.367,Historical,,,
2014-05-04,2777.398,Historical,,,
2014-05-05,7532.742,Historical,,,
2014-05-06,3321.7977,Historical,,,
2014-05-07,14736.6462,Historical,,,
2014-05-08,22267.3795,Historical,,,
2014-05-09,14904.579000000002,Historical,,,
2014-05-10,8213.04476,Historical,,,
2014-05-11,808.322,Historical,,,
2014-05-12,6460.4826,Historical,,,
2014-05-13,7718.0362,Historical,,,
2014-05-14,4904.3119,Historical,,,
2014-05-15,14365.104,Historical,,,
2014-05-16,21188.90412,Historical,,,
2014-05-17,6513.5895,Historical,,,
2014-05-18,160.736,Historical,,,
2014-05-19,16817.5266,Historical,,,
2014-05-20,12204.74084,Historical,,,
2014-05-21,8808.3488,Historical,,,
2014-05-22,8316.259,Historical,,,
2014-05-23,8352.0368,Historical,,,
2014-05-24,8062.777700000001,Historical,,,
2014-05-25,1212.5688,Historical,,,
2014-05-26,10350.4676,Historical,,,
2014-05-27,13568.35452,Historical,,,
2014-05-28,12134.9103,Historical,,,
2014-05-29,16614.258,Historical,,,
2014-05-30,6477.1895,Historical,,,
2014-05-31,6481.3256,Historical,,,
2014-06-01,2039.844,Historical,,,
2014-06-02,15738.0149,Historical,,,
2014-06-03,17697.93048,Historical,,,
2014-06-04,17543.37264,Historical,,,
2014-06-05,11191.20808,Historical,,,
2014-06-06,14222.06636,Historical,,,
2014-06-07,4525.76116,Historical,,,
2014-06-08,2846.67,Historical,,,
2014-06-09,20002.27146,Historical,,,
2014-06-10,18326.51064,Historical,,,
2014-06-11,17144.68156,Historical,,,
2014-06-12,11547.57096,Historical,,,
2014-06-13,12595.6398,Historical,,,
2014-06-14,7436.2755,Historical,,,
2014-06-15,1382.5320000000002,Historical,,,
2014-06-16,17988.1986,Historical,,,
2014-06-17,19974.10056,Historical,,,
2014-06-18,32197.37604,Historical,,,
2014-06-19,12526.26602,Historical,,,
2014-06-20,12022.671,Historical,,,
2014-06-21,6228.6212,Historical,,,
2014-06-22,1218.6009,Historical,,,
2014-06-23,16701.28862,Historical,,,
2014-06-24,27468.73764,Historical,,,
2014-06-25,13231.435,Historical,,,
2014-06-26,21339.98032,Historical,,,
2014-06-27,17892.87128,Historical,,,
2014-06-28,6938.569,Historical,,,
2014-06-29,2437.83,Historical,,,
2014-06-30,19407.16738,Historical,,,
2014-07-01,8456.245,Historical,,,
2014-07-02,11007.22,Historical,,,
2014-07-03,8742.40608,Historical,,,
2014-07-04,17291.8777,Historical,,,
2014-07-05,10303.694,Historical,,,
2014-07-06,652.28,Historical,,,
2014-07-07,7773.59508,Historical,,,
2014-07-08,4797.915,Historical,,,
2014-07-09,15173.26164,Historical,,,
2014-07-10,9793.106,Historical,,,
2014-07-11,8423.75894,Historical,,,
2014-07-12,8354.7919,Historical,,,
2014-07-13,213.528,Historical,,,
2014-07-14,9468.3334,Historical,,,
2014-07-15,7418.2445,Historical,,,
2014-07-16,9491.33298,Historical,,,
2014-07-17,11801.932,Historical,,,
2014-07-18,6535.983,Historical,,,
2014-07-19,7835.41144,Historical,,,
2014-07-21,12391.46374,Historical,,,
2014-07-22,12723.11432,Historical,,,
2014-07-23,4115.883,Historical,,,
2014-07-24,7808.157,Historical,,,
2014-07-25,6340.4384,Historical,,,
2014-07-26,6679.5597,Historical,,,
2014-07-27,3904.6325,Historical,,,
2014-07-28,8970.94942,Historical,,,
2014-07-29,11164.4213,Historical,,,
2014-07-30,12999.09244,Historical,,,
2014-07-31,8073.052,Historical,,,
2014-08-01,13110.5434,Historical,,,
2014-08-02,19434.857,Historical,,,
2014-08-03,1581.0615,Historical,,,
2014-08-04,21527.2271,Historical,,,
2014-08-05,13400.4034,Historical,,,
2014-08-06,19847.42876,Historical,,,
2014-08-07,23214.35076,Historical,,,
2014-08-08,17935.558,Historical,,,
2014-08-09,8220.3505,Historical,,,
2014-08-11,20214.3949,Historical,,,
2014-08-12,14177.26774,Historical,,,
2014-08-13,22487.8455,Historical,,,
2014-08-14,18806.9243,Historical,,,
2014-08-15,12693.38274,Historical,,,
2014-08-16,15881.6061,Historical,,,
2014-08-17,615.224,Historical,,,
2014-08-18,20153.8113,Historical,,,
2014-08-19,17608.52444,Historical,,,
2014-08-20,25234.6553,Historical,,,
2014-08-21,12040.4483,Historical,,,
2014-08-22,28177.6565,Historical,,,
2014-08-23,9433.4567,Historical,,,
2014-08-24,5495.804,Historical,,,
2014-08-25,11276.6997,Historical,,,
2014-08-26,18164.3487,Historical,,,
2014-08-27,8966.79406,Historical,,,
2014-08-28,22058.4326,Historical,,,
2014-08-29,28418.93576,Historical,,,
2014-08-30,5979.7393,Historical,,,
2014-08-31,462.21,Historical,,,
2014-09-01,16767.343,Historical,,,
2014-09-02,16641.96224,Historical,,,
2014-09-03,27844.18496,Historical,,,
2014-09-04,19503.059,Historical,,,
2014-09-05,19645.25958,Historical,,,
2014-09-06,12910.1938,Historical,,,
2014-09-07,630.36,Historical,,,
2014-09-08,27668.911,Historical,,,
2014-09-09,10259.91878,Historical,,,
2014-09-10,8982.8825,Historical,,,
2014-09-11,22511.7039,Historical,,,
2014-09-12,23056.04664,Historical,,,
2014-09-13,8900.3135,Historical,,,
2014-09-14,604.37,Historical,,,
2014-09-15,16199.98926,Historical,,,
2014-09-16,22922.8973,Historical,,,
2014-09-17,22945.90042,Historical,,,
2014-09-18,29838.06548,Historical,,,
2014-09-19,17151.95702,Historical,,,
2014-09-20,6013.833,Historical,,,
2014-09-21,8200.497,Historical,,,
2014-09-22,10645.0316,Historical,,,
2014-09-23,23876.49318,Historical,,,
2014-09-24,13629.54262,Historical,,,
2014-09-25,21492.49492,Historical,,,
2014-09-26,26791.06308,Historical,,,
2014-09-27,8142.87066,Historical,,,
2014-09-28,5995.96164,Historical,,,
2014-09-29,17931.8976,Historical,,,
2014-09-30,13452.24002,Historical,,,
2014-10-01,7427.7711,Historical,,,
2014-10-02,21532.2825,Historical,,,
2014-10-03,22240.5782,Historical,,,
2014-10-04,8752.066420000001,Historical,,,
2014-10-05,1601.323,Historical,,,
2014-10-06,22333.4812,Historical,,,
2014-10-07,18471.69556,Historical,,,
2014-10-08,10372.3426,Historical,,,
2014-10-09,13440.88776,Historical,,,
2014-10-10,11760.00796,Historical,,,
2014-10-11,6575.4189,Historical,,,
2014-10-12,3783.487,Historical,,,
2014-10-13,30242.1662,Historical,,,
2014-10-14,17237.64036,Historical,,,
2014-10-15,8445.633100000001,Historical,,,
2014-10-16,9612.99628,Historical,,,
2014-10-17,29929.68798,Historical,,,
2014-10-18,4896.6279,Historical,,,
2014-10-19,2605.7196,Historical,,,
2014-10-20,14932.046,Historical,,,
2014-10-21,11263.77236,Historical,,,
2014-10-22,16067.3567,Historical,,,
2014-10-23,24770.414,Historical,,,
2014-10-24,19624.69758,Historical,,,
2014-10-25,6714.7142,Historical,,,
2014-10-27,11054.28782,Historical,,,
2014-10-28,22230.4128,Historical,,,
2014-10-29,15127.4629,Historical,,,
2014-10-30,10448.81174,Historical,,,
2014-10-31,19270.83944,Historical,,,
2014-11-01,5190.376,Historical,,,
2014-11-02,3889.05,Historical,,,
2014-11-03,17834.4458,Historical,,,
2014-11-04,19814.964,Historical,,,
2014-11-05,24506.7476,Historical,,,
2014-11-06,18726.602,Historical,,,
2014-11-07,23916.90864,Historical,,,
2014-11-08,17783.05744,Historical,,,
2014-11-09,1313.5,Historical,,,
2014-11-10,19583.51294,Historical,,,
2014-11-11,21691.4615,Historical,,,
2014-11-12,26974.00248,Historical,,,
2014-11-13,19990.88942,Historical,,,
2014-11-14,23388.18572,Historical,,,
2014-11-15,5816.386,Historical,,,
2014-11-16,5086.306,Historical,,,
2014-11-17,22349.19476,Historical,,,
2014-11-18,39536.132,Historical,,,
2014-11-19,23160.0742,Historical,,,
2014-11-20,31408.0473,Historical,,,
2014-11-21,26292.2328,Historical,,,
2014-11-22,17026.27624,Historical,,,
2014-11-23,3145.7,Historical,,,
2014-11-24,16060.4461,Historical,,,
2014-11-25,25099.328,Historical,,,
2014-11-26,28477.40124,Historical,,,
2014-11-27,26091.9144,Historical,,,
2014-11-28,24443.46442,Historical,,,
2014-11-29,14512.761,Historical,,,
2014-11-30,2169.659,Historical,,,
2014-12-01,17570.8008,Historical,,,
2014-12-02,17209.156,Historical,,,
2014-12-03,25986.83372,Historical,,,
2014-12-04,23717.50958,Historical,,,
2014-12-05,17065.345,Historical,,,
2014-12-06,5283.508,Historical,,,
2014-12-07,4389.32992,Historical,,,
2014-12-08,18619.8606,Historical,,,
2014-12-09,20608.6028,Historical,,,
2014-12-10,25548.674,Historical,,,
2014-12-11,19206.87518,Historical,,,
2014-12-12,12083.5189,Historical,,,
2014-12-13,16622.14026,Historical,,,
2014-12-14,1309.264,Historical,,,
2014-12-15,21374.216,Historical,,,
2014-12-16,11568.2129,Historical,,,
2014-12-17,16429.1869,Historical,,,
2014-12-18,16123.57,Historical,,,
2014-12-19,25753.1901,Historical,,,
2014-12-20,7806.2602,Historical,,,
2014-12-21,395.496,Historical,,,
2014-12-22,10355.855,Historical,,,
2014-12-23,28096.0375,Historical,,,
2014-12-24,20479.9147,Historical,,,
2014-12-25,22701.69538,Historical,,,
2014-12-26,26571.3444,Historical,,,
2014-12-27,13421.26376,Historical,,,
2014-12-28,1647.174,Historical,,,
2014-12-29,25109.28878,Historical,,,
2014-12-30,16831.6148,Historical,,,
2014-12-31,13257.9543,Historical,,,
2015-01-01,,Forecast,8965.175718585711,3208.7934549562187,14721.557982215203
2015-01-02,,Forecast,8965.17571858571,3208.793454956217,14721.557982215203
2015-01-03,,Forecast,8965.175718585708,3208.793454956215,14721.5579822152
2015-01-04,,Forecast,8965.175718585708,3208.793454956215,14721.5579822152
2015-01-05,,Forecast,8965.175718585713,3208.7934549562206,14721.557982215207
2015-01-06,,Forecast,8965.175718585713,3208.7934549562206,14721.557982215207
2015-01-07,,Forecast,8965.175718585711,3208.7934549562187,14721.557982215203
2015-01-08,,Forecast,8965.175718585711,3208.7934549562187,14721.557982215203
2015-01-09,,Forecast,8965.17571858571,3208.793454956217,14721.557982215203
2015-01-10,,Forecast,8965.17571858571,3208.793454956217,14721.557982215203
2015-01-11,,Forecast,8965.175718585708,3208.793454956215,14721.5579822152
2015-01-12,,Forecast,8965.175718585715,3208.7934549562224,14721.557982215207
2015-01-13,,Forecast,8965.175718585713,3208.7934549562206,14721.557982215207
2015-01-14,,Forecast,8965.175718585713,3208.7934549562206,14721.557982215207
2015-01-15,,Forecast,8965.175718585711,3208.7934549562187,14721.557982215203
2015-01-16,,Forecast,8965.175718585711,3208.7934549562187,14721.557982215203
2015-01-17,,Forecast,8965.17571858571,3208.793454956217,14721.557982215203
2015-01-18,,Forecast,8965.175718585708,3208.793454956215,14721.5579822152
2015-01-19,,Forecast,8965.175718585715,3208.7934549562224,14721.557982215207
2015-01-20,,Forecast,8965.175718585713,3208.7934549562206,14721.557982215207
2015-01-21,,Forecast,8965.175718585713,3208.7934549562206,14721.557982215207
2015-01-22,,Forecast,8965.175718585711,3208.7934549562187,14721.557982215203
2015-01-23,,Forecast,8965.175718585711,3208.7934549562187,14721.557982215203
2015-01-24,,Forecast,8965.17571858571,3208.793454956217,14721.557982215203
2015-01-25,,Forecast,8965.175718585708,3208.793454956215,14721.5579822152
2015-01-26,,Forecast,8965.175718585715,3208.7934549562224,14721.557982215207
2015-01-27,,Forecast,8965.175718585715,3208.7934549562224,14721.557982215207
2015-01-28,,Forecast,8965.175718585713,3208.7934549562206,14721.557982215207
2015-01-29,,Forecast,8965.175718585713,3208.7934549562206,14721.557982215207
2015-01-30,,Forecast,8965.175718585711,3208.7934549562187,14721.557982215203
2015-01-31,,Forecast,8965.17571858571,3208.793454956217,14721.557982215203
2015-02-01,,Forecast,8965.175718585708,3208.793454956215,14721.5579822152
2015-02-02,,Forecast,8965.175718585715,3208.7934549562224,14721.557982215207
2015-02-03,,Forecast,8965.175718585713,3208.7934549562206,14721.557982215207
2015-02-04,,Forecast,8965.175718585713,3208.7934549562206,14721.557982215207
2015-02-05,,Forecast,8965.175718585711,3208.7934549562187,14721.557982215203
2015-02-06,,Forecast,8965.175718585711,3208.7934549562187,14721.557982215203
2015-02-07,,Forecast,8965.17571858571,3208.793454956217,14721.557982215203
2015-02-08,,Forecast,8965.175718585708,3208.793454956215,14721.5579822152
2015-02-09,,Forecast,8965.175718585715,3208.7934549562224,14721.557982215207
2015-02-10,,Forecast,8965.175718585713,3208.7934549562206,14721.557982215207
2015-02-11,,Forecast,8965.175718585713,3208.7934549562206,14721.557982215207
2015-02-12,,Forecast,8965.175718585711,3208.7934549562187,14721.557982215203
2015-02-13,,Forecast,8965.175718585711,3208.7934549562187,14721.557982215203
2015-02-14,,Forecast,8965.17571858571,3208.793454956217,14721.557982215203
2015-02-15,,Forecast,8965.17571858571,3208.793454956217,14721.557982215203
2015-02-16,,Forecast,8965.175718585715,3208.7934549562224,14721.557982215207
2015-02-17,,Forecast,8965.175718585715,3208.7934549562224,14721.557982215207
2015-02-18,,Forecast,8965.175718585713,3208.7934549562206,14721.557982215207
2015-02-19,,Forecast,8965.175718585713,3208.7934549562206,14721.557982215207
2015-02-20,,Forecast,8965.175718585711,3208.7934549562187,14721.557982215203
2015-02-21,,Forecast,8965.17571858571,3208.793454956217,14721.557982215203
2015-02-22,,Forecast,8965.17571858571,3208.793454956217,14721.557982215203
2015-02-23,,Forecast,8965.175718585715,3208.7934549562224,14721.557982215207
2015-02-24,,Forecast,8965.175718585715,3208.7934549562224,14721.557982215207
2015-02-25,,Forecast,8965.175718585713,3208.7934549562206,14721.557982215207
2015-02-26,,Forecast,8965.175718585713,3208.7934549562206,14721.557982215207
2015-02-27,,Forecast,8965.175718585711,3208.7934549562187,14721.557982215203
2015-02-28,,Forecast,8965.175718585711,3208.7934549562187,14721.557982215203
2015-03-01,,Forecast,8965.17571858571,3208.793454956217,14721.557982215203
2015-03-02,,Forecast,8965.175718585715,3208.7934549562224,14721.557982215207
2015-03-03,,Forecast,8965.175718585715,3208.7934549562224,14721.557982215207
2015-03-04,,Forecast,8965.175718585713,3208.7934549562206,14721.557982215207
2015-03-05,,Forecast,8965.175718585713,3208.7934549562206,14721.557982215207
2015-03-06,,Forecast,8965.175718585711,3208.7934549562187,14721.557982215203
2015-03-07,,Forecast,8965.175718585711,3208.7934549562187,14721.557982215203
2015-03-08,,Forecast,8965.17571858571,3208.793454956217,14721.557982215203
2015-03-09,,Forecast,8965.175718585717,3208.793454956224,14721.55798221521
2015-03-10,,Forecast,8965.175718585715,3208.7934549562224,14721.557982215207
2015-03-11,,Forecast,8965.175718585715,3208.7934549562224,14721.557982215207
2015-03-12,,Forecast,8965.175718585713,3208.7934549562206,14721.557982215207
2015-03-13,,Forecast,8965.175718585713,3208.7934549562206,14721.557982215207
2015-03-14,,Forecast,8965.175718585711,3208.7934549562187,14721.557982215203
2015-03-15,,Forecast,8965.17571858571,3208.793454956217,14721.557982215203
2015-03-16,,Forecast,8965.175718585717,3208.793454956224,14721.55798221521
2015-03-17,,Forecast,8965.175718585715,3208.7934549562224,14721.557982215207
2015-03-18,,Forecast,8965.175718585715,3208.7934549562224,14721.557982215207
2015-03-19,,Forecast,8965.175718585713,3208.7934549562206,14721.557982215207
2015-03-20,,Forecast,8965.175718585713,3208.7934549562206,14721.557982215207
2015-03-21,,Forecast,8965.175718585711,3208.7934549562187,14721.557982215203
2015-03-22,,Forecast,8965.175718585711,3208.7934549562187,14721.557982215203
2015-03-23,,Forecast,8965.175718585717,3208.793454956224,14721.55798221521
2015-03-24,,Forecast,8965.175718585717,3208.793454956224,14721.55798221521
2015-03-25,,Forecast,8965.175718585715,3208.7934549562224,14721.557982215207
2015-03-26,,Forecast,8965.175718585715,3208.7934549562224,14721.557982215207
2015-03-27,,Forecast,8965.175718585713,3208.7934549562206,14721.557982215207
2015-03-28,,Forecast,8965.175718585711,3208.7934549562187,14721.557982215203
2015-03-29,,Forecast,8965.175718585711,3208.7934549562187,14721.557982215203
2015-03-30,,Forecast,8965.175718585719,3208.793454956226,14721.55798221521
2015-03-31,,Forecast,8965.175718585719,3208.793454956226,14721.55798221521
